protocolo,unidade,fpr,tpr,limiar
A,imagem,0.0,0.0,inf
A,imagem,0.0,0.0016474464579901153,0.996038463835023
A,imagem,0.0,0.006589785831960461,0.9826831218281104
A,imagem,0.0007886435331230284,0.006589785831960461,0.9823974024203012
A,imagem,0.0007886435331230284,0.03130148270181219,0.9661620899893671
A,imagem,0.0015772870662460567,0.03130148270181219,0.9655323209687806
A,imagem,0.0015772870662460567,0.032948929159802305,0.9650865010685802
A,imagem,0.002365930599369085,0.032948929159802305,0.9635453036486816
A,imagem,0.002365930599369085,0.036243822075782535,0.9616187710062486
A,imagem,0.0031545741324921135,0.036243822075782535,0.9606957493241902
A,imagem,0.0031545741324921135,0.03789126853377265,0.9602999189331588
A,imagem,0.003943217665615142,0.03789126853377265,0.9592887363120888
A,imagem,0.003943217665615142,0.042833607907743,0.9570253461417207
A,imagem,0.00473186119873817,0.042833607907743,0.9556566027438296
A,imagem,0.00473186119873817,0.05601317957166392,0.9494940920372436
A,imagem,0.005520504731861199,0.05601317957166392,0.9490652879417254
A,imagem,0.005520504731861199,0.060955518945634266,0.9433000087518616
A,imagem,0.006309148264984227,0.060955518945634266,0.942684316193824
A,imagem,0.006309148264984227,0.06919275123558484,0.9367412294555282
A,imagem,0.007097791798107256,0.06919275123558484,0.9361992898003204
A,imagem,0.007097791798107256,0.07742998352553541,0.9322820929606612
A,imagem,0.007886435331230283,0.07742998352553541,0.9318027386566476
A,imagem,0.007886435331230283,0.08237232289950576,0.9290938424238238
A,imagem,0.00946372239747634,0.08237232289950576,0.9283965686597068
A,imagem,0.00946372239747634,0.09060955518945635,0.9253502380048724
A,imagem,0.011041009463722398,0.09060955518945635,0.9236364133985348
A,imagem,0.011041009463722398,0.09390444810543658,0.9226819375397236
A,imagem,0.011829652996845425,0.09390444810543658,0.9217481151081612
A,imagem,0.011829652996845425,0.10378912685337727,0.9136429021220978
A,imagem,0.012618296529968454,0.10378912685337727,0.9136235564719172
A,imagem,0.012618296529968454,0.10543657331136738,0.9134932229219598
A,imagem,0.013406940063091483,0.10543657331136738,0.9133384383931464
A,imagem,0.013406940063091483,0.11532125205930807,0.9102265770533896
A,imagem,0.01498422712933754,0.11532125205930807,0.9101801316787484
A,imagem,0.01498422712933754,0.1186161449752883,0.9074112357764328
A,imagem,0.01892744479495268,0.1186161449752883,0.9032335378087994
A,imagem,0.01892744479495268,0.1301482701812191,0.8952011270787774
A,imagem,0.01971608832807571,0.1301482701812191,0.8947119145679309
A,imagem,0.01971608832807571,0.13344316309719934,0.8935434049939807
A,imagem,0.02050473186119874,0.13344316309719934,0.8930993690275892
A,imagem,0.02050473186119874,0.15980230642504117,0.8809591590031217
A,imagem,0.021293375394321766,0.15980230642504117,0.8805363162367704
A,imagem,0.021293375394321766,0.16639209225700163,0.8771357233718294
A,imagem,0.022870662460567823,0.16639209225700163,0.8762662603424703
A,imagem,0.022870662460567823,0.16803953871499178,0.8756426326156068
A,imagem,0.02365930599369085,0.16803953871499178,0.8743447513907314
A,imagem,0.02365930599369085,0.1696869851729819,0.8736671700122544
A,imagem,0.02444794952681388,0.1696869851729819,0.873374951012656
A,imagem,0.02444794952681388,0.18945634266886327,0.866179667137033
A,imagem,0.026813880126182965,0.18945634266886327,0.8621736151575414
A,imagem,0.026813880126182965,0.19769357495881384,0.8558549456525025
A,imagem,0.027602523659305992,0.19769357495881384,0.8529904956762363
A,imagem,0.027602523659305992,0.21087314662273476,0.8446801022501839
A,imagem,0.028391167192429023,0.21087314662273476,0.8442746623729327
A,imagem,0.028391167192429023,0.22405271828665568,0.8398540128185402
A,imagem,0.02996845425867508,0.22405271828665568,0.8386523883304138
A,imagem,0.02996845425867508,0.2257001647446458,0.8386475700982289
A,imagem,0.030757097791798107,0.2257001647446458,0.8384603893735423
A,imagem,0.030757097791798107,0.24382207578253706,0.823179785023334
A,imagem,0.03391167192429022,0.24382207578253706,0.8208784102594342
A,imagem,0.03391167192429022,0.2504118616144975,0.8182657229748902
A,imagem,0.03470031545741325,0.2504118616144975,0.8182291865360648
A,imagem,0.03470031545741325,0.25205930807248766,0.8178755740190914
A,imagem,0.03627760252365931,0.25205930807248766,0.8159469292489984
A,imagem,0.03627760252365931,0.2553542009884679,0.8144292203818573
A,imagem,0.03785488958990536,0.2553542009884679,0.8125414923267932
A,imagem,0.03785488958990536,0.257001647446458,0.811459246602868
A,imagem,0.03943217665615142,0.257001647446458,0.8094059889139029
A,imagem,0.03943217665615142,0.2602965403624382,0.8091383579469754
A,imagem,0.04100946372239748,0.2602965403624382,0.8083134375368719
A,imagem,0.04100946372239748,0.2652388797364086,0.804260334947447
A,imagem,0.0417981072555205,0.2652388797364086,0.8035855366882849
A,imagem,0.0417981072555205,0.26688632619439867,0.8028697788141446
A,imagem,0.04258675078864353,0.26688632619439867,0.8026677512130944
A,imagem,0.04258675078864353,0.2685337726523888,0.8003815860954733
A,imagem,0.04337539432176656,0.2685337726523888,0.8003301026547437
A,imagem,0.04337539432176656,0.27677100494233936,0.7961347809907438
A,imagem,0.04416403785488959,0.27677100494233936,0.7958669024929975
A,imagem,0.04416403785488959,0.2784184514003295,0.7929445522404063
A,imagem,0.04574132492113565,0.2784184514003295,0.7927054786980531
A,imagem,0.04574132492113565,0.28665568369028005,0.79005190828976
A,imagem,0.0473186119873817,0.28665568369028005,0.7889542307707118
A,imagem,0.0473186119873817,0.2932454695222405,0.7826273254631237
A,imagem,0.04810725552050473,0.2932454695222405,0.7824575103041065
A,imagem,0.04810725552050473,0.29489291598023065,0.7814156196379988
A,imagem,0.050473186119873815,0.29489291598023065,0.7761856137451848
A,imagem,0.050473186119873815,0.29654036243822074,0.7748818927552146
A,imagem,0.051261829652996846,0.29654036243822074,0.7746956890262873
A,imagem,0.051261829652996846,0.29983525535420097,0.7735734737763308
A,imagem,0.052050473186119876,0.29983525535420097,0.7727077339597211
A,imagem,0.052050473186119876,0.3031301482701812,0.7715147182210413
A,imagem,0.0528391167192429,0.3031301482701812,0.7713667792251476
A,imagem,0.0528391167192429,0.30477759472817134,0.7712770423909796
A,imagem,0.055993690851735015,0.30477759472817134,0.7700630421335242
A,imagem,0.055993690851735015,0.30642504118616143,0.769087818150371
A,imagem,0.056782334384858045,0.30642504118616143,0.7689555499144665
A,imagem,0.056782334384858045,0.30971993410214166,0.7678474837729666
A,imagem,0.057570977917981075,0.30971993410214166,0.7677216562762845
A,imagem,0.057570977917981075,0.3113673805601318,0.7675892845492726
A,imagem,0.05914826498422713,0.3113673805601318,0.7655190172409042
A,imagem,0.05914826498422713,0.3163097199341021,0.7645677893747499
A,imagem,0.05993690851735016,0.3163097199341021,0.7635324997888844
A,imagem,0.05993690851735016,0.3212520593080725,0.7627134543452158
A,imagem,0.06072555205047318,0.3212520593080725,0.7605808874282942
A,imagem,0.06072555205047318,0.3245469522240527,0.7593097996079216
A,imagem,0.062302839116719244,0.3245469522240527,0.7586625300019538
A,imagem,0.062302839116719244,0.3261943986820428,0.7575137217324703
A,imagem,0.06309148264984227,0.3261943986820428,0.7570266991158545
A,imagem,0.06309148264984227,0.32784184514003295,0.7564947071775087
A,imagem,0.0638801261829653,0.32784184514003295,0.756370524589877
A,imagem,0.0638801261829653,0.3311367380560132,0.7560760858419264
A,imagem,0.06466876971608833,0.3311367380560132,0.7538284749402737
A,imagem,0.06466876971608833,0.3393739703459638,0.7502732124621171
A,imagem,0.06545741324921135,0.3393739703459638,0.7488540122107792
A,imagem,0.06545741324921135,0.342668863261944,0.7486556103540097
A,imagem,0.06782334384858044,0.342668863261944,0.745808350703879
A,imagem,0.06782334384858044,0.34596375617792424,0.7444914586378021
A,imagem,0.06861198738170347,0.34596375617792424,0.7439509217233531
A,imagem,0.06861198738170347,0.35090609555189456,0.7428474762166603
A,imagem,0.0694006309148265,0.35090609555189456,0.7422919603155915
A,imagem,0.0694006309148265,0.35914332784184516,0.7385601840164655
A,imagem,0.07018927444794952,0.35914332784184516,0.7375850230469705
A,imagem,0.07018927444794952,0.3640856672158155,0.7369260095272566
A,imagem,0.07176656151419558,0.3640856672158155,0.7348992684453411
A,imagem,0.07176656151419558,0.36902800658978585,0.7323683679879066
A,imagem,0.07334384858044164,0.36902800658978585,0.7322583856226321
A,imagem,0.07334384858044164,0.37067545304777594,0.7320408461609914
A,imagem,0.07570977917981073,0.37067545304777594,0.7298247486328346
A,imagem,0.07570977917981073,0.3723228995057661,0.7288616577909438
A,imagem,0.07807570977917981,0.3723228995057661,0.7268296261440039
A,imagem,0.07807570977917981,0.3772652388797364,0.7260902304637865
A,imagem,0.08201892744479496,0.3772652388797364,0.7243023734386989
A,imagem,0.08201892744479496,0.37891268533772654,0.7239804780636504
A,imagem,0.08280757097791798,0.37891268533772654,0.7237427414787782
A,imagem,0.08280757097791798,0.3805601317957166,0.7236908760209918
A,imagem,0.083596214511041,0.3805601317957166,0.722022136760584
A,imagem,0.083596214511041,0.3871499176276771,0.7183254267700049
A,imagem,0.08517350157728706,0.3871499176276771,0.7175261354658626
A,imagem,0.08517350157728706,0.38879736408566723,0.7172274330702707
A,imagem,0.08753943217665615,0.38879736408566723,0.7156604359757618
A,imagem,0.08753943217665615,0.3970345963756178,0.7113146778541194
A,imagem,0.08911671924290221,0.3970345963756178,0.7097926098519447
A,imagem,0.08911671924290221,0.40197693574958815,0.7076462617605753
A,imagem,0.0914826498422713,0.40197693574958815,0.7060183670265422
A,imagem,0.0914826498422713,0.40362438220757824,0.7049890995546829
A,imagem,0.09227129337539432,0.40362438220757824,0.7048210990901403
A,imagem,0.09227129337539432,0.4052718286655684,0.7046751251051575
A,imagem,0.09542586750788644,0.4052718286655684,0.7034892234214557
A,imagem,0.09542586750788644,0.40691927512355847,0.7029254909222165
A,imagem,0.09858044164037855,0.40691927512355847,0.7008623403664297
A,imagem,0.09858044164037855,0.4085667215815486,0.6997142441882072
A,imagem,0.10015772870662461,0.4085667215815486,0.6974716194811752
A,imagem,0.10015772870662461,0.41186161449752884,0.6961201690236036
A,imagem,0.10094637223974763,0.41186161449752884,0.6936720675598071
A,imagem,0.10094637223974763,0.4135090609555189,0.693590899078275
A,imagem,0.10252365930599369,0.4135090609555189,0.6922050618116123
A,imagem,0.10252365930599369,0.41515650741350907,0.692067890533205
A,imagem,0.10331230283911672,0.41515650741350907,0.6916487752672158
A,imagem,0.10331230283911672,0.41680395387149916,0.6908016039510477
A,imagem,0.10646687697160884,0.41680395387149916,0.6900553475944831
A,imagem,0.10646687697160884,0.4184514003294893,0.6899373947969627
A,imagem,0.10804416403785488,0.4184514003294893,0.6895387680207439
A,imagem,0.10804416403785488,0.4200988467874794,0.6888393065840893
A,imagem,0.10883280757097792,0.4200988467874794,0.6886803087592415
A,imagem,0.10883280757097792,0.42668863261943984,0.6868934884085224
A,imagem,0.11041009463722397,0.42668863261943984,0.6859131350812948
A,imagem,0.11041009463722397,0.42833607907743,0.6858145886780787
A,imagem,0.11198738170347003,0.42833607907743,0.6852262994369147
A,imagem,0.11198738170347003,0.4316309719934102,0.6844835131796857
A,imagem,0.11277602523659307,0.4316309719934102,0.6844827237546975
A,imagem,0.11277602523659307,0.4332784184514003,0.6827214267696545
A,imagem,0.11356466876971609,0.4332784184514003,0.6818890541100081
A,imagem,0.11356466876971609,0.43492586490939045,0.6817068711502273
A,imagem,0.11593059936908517,0.43492586490939045,0.6810153201672469
A,imagem,0.11593059936908517,0.43657331136738053,0.6806850928770489
A,imagem,0.1167192429022082,0.43657331136738053,0.6785582934175001
A,imagem,0.1167192429022082,0.4382207578253707,0.6785038034879995
A,imagem,0.11908517350157728,0.4382207578253707,0.6777809184089025
A,imagem,0.11908517350157728,0.43986820428336076,0.6775669392756027
A,imagem,0.11987381703470032,0.43986820428336076,0.6762569570569626
A,imagem,0.11987381703470032,0.4415156507413509,0.6760919267029613
A,imagem,0.12381703470031545,0.4415156507413509,0.6735859161723735
A,imagem,0.12381703470031545,0.44481054365733114,0.6726334674603752
A,imagem,0.1253943217665615,0.44481054365733114,0.6717271702192137
A,imagem,0.1253943217665615,0.4464579901153213,0.6717189015090808
A,imagem,0.12618296529968454,0.4464579901153213,0.670879481349846
A,imagem,0.12618296529968454,0.44810543657331137,0.6706424919799405
A,imagem,0.12854889589905363,0.44810543657331137,0.6681041751702388
A,imagem,0.12854889589905363,0.4497528830313015,0.6678899909449433
A,imagem,0.12933753943217666,0.4497528830313015,0.6678237794388863
A,imagem,0.12933753943217666,0.45634266886326197,0.6642893590614961
A,imagem,0.1309148264984227,0.45634266886326197,0.6619134545332798
A,imagem,0.1309148264984227,0.4596375617792422,0.6613739383185724
A,imagem,0.13170347003154576,0.4596375617792422,0.6613595682264019
A,imagem,0.13170347003154576,0.4612850082372323,0.6610122715177453
A,imagem,0.1332807570977918,0.4612850082372323,0.6605655682190045
A,imagem,0.1332807570977918,0.46293245469522243,0.660196059156561
A,imagem,0.13406940063091483,0.46293245469522243,0.6596089451075535
A,imagem,0.13406940063091483,0.4645799011532125,0.658964056028819
A,imagem,0.138801261829653,0.4645799011532125,0.6541136872438593
A,imagem,0.138801261829653,0.471169686985173,0.6523062885443868
A,imagem,0.13958990536277602,0.471169686985173,0.6505890749263983
A,imagem,0.13958990536277602,0.4744645799011532,0.6499916050181849
A,imagem,0.14195583596214512,0.4744645799011532,0.6485157361380807
A,imagem,0.14195583596214512,0.48105436573311366,0.647208634784167
A,imagem,0.14274447949526814,0.48105436573311366,0.6459596795781583
A,imagem,0.14274447949526814,0.4827018121911038,0.6446973123508759
A,imagem,0.14353312302839116,0.4827018121911038,0.6444223599214788
A,imagem,0.14353312302839116,0.4876441515650741,0.6426322691408092
A,imagem,0.14826498422712933,0.4876441515650741,0.6411346706723938
A,imagem,0.14826498422712933,0.49093904448105435,0.6394697411782885
A,imagem,0.14905362776025236,0.49093904448105435,0.6394365297272816
A,imagem,0.14905362776025236,0.4942339373970346,0.6370981634585536
A,imagem,0.15220820189274448,0.4942339373970346,0.635337200833959
A,imagem,0.15220820189274448,0.4958813838550247,0.6340098985867505
A,imagem,0.15457413249211358,0.4958813838550247,0.6327216324840843
A,imagem,0.15457413249211358,0.49917627677100496,0.6310928233620076
A,imagem,0.15615141955835962,0.49917627677100496,0.6301726900530713
A,imagem,0.15615141955835962,0.5123558484349259,0.6270250329089492
A,imagem,0.15694006309148265,0.5123558484349259,0.6263339261565845
A,imagem,0.15694006309148265,0.5205930807248764,0.6249791847901279
A,imagem,0.15930599369085174,0.5205930807248764,0.6215167157037422
A,imagem,0.15930599369085174,0.5222405271828665,0.6213661979501844
A,imagem,0.1632492113564669,0.5222405271828665,0.6202470971595411
A,imagem,0.1632492113564669,0.528830313014827,0.6179888354957306
A,imagem,0.1640378548895899,0.528830313014827,0.6169730340960314
A,imagem,0.1640378548895899,0.5321252059308073,0.6166620162896856
A,imagem,0.16640378548895898,0.5321252059308073,0.6141852012408997
A,imagem,0.16640378548895898,0.5337726523887973,0.6140460000125533
A,imagem,0.16798107255520506,0.5337726523887973,0.6133422794842585
A,imagem,0.16798107255520506,0.5354200988467874,0.6129151848147465
A,imagem,0.16876971608832808,0.5354200988467874,0.6125618966835452
A,imagem,0.16876971608832808,0.5387149917627677,0.6117785352342476
A,imagem,0.1719242902208202,0.5387149917627677,0.6107591228562315
A,imagem,0.1719242902208202,0.5403624382207578,0.6098095007384151
A,imagem,0.17271293375394323,0.5403624382207578,0.6091478354558729
A,imagem,0.17271293375394323,0.5420098846787479,0.609098036159223
A,imagem,0.17586750788643532,0.5420098846787479,0.6067671813439874
A,imagem,0.17586750788643532,0.5453047775947282,0.6053138054015007
A,imagem,0.1774447949526814,0.5453047775947282,0.6047705876109638
A,imagem,0.1774447949526814,0.5485996705107083,0.6046218143103111
A,imagem,0.17823343848580442,0.5485996705107083,0.6043127420882518
A,imagem,0.17823343848580442,0.5502471169686985,0.604241853952442
A,imagem,0.17902208201892744,0.5502471169686985,0.604221759825743
A,imagem,0.17902208201892744,0.5535420098846787,0.6037666633897165
A,imagem,0.18138801261829654,0.5535420098846787,0.602465522651738
A,imagem,0.18138801261829654,0.5551894563426688,0.6024594559059934
A,imagem,0.18848580441640378,0.5551894563426688,0.6005074074152758
A,imagem,0.18848580441640378,0.556836902800659,0.6002972524706883
A,imagem,0.19242902208201892,0.556836902800659,0.5939976483902193
A,imagem,0.19242902208201892,0.5601317957166392,0.5924720036276
A,imagem,0.19400630914826497,0.5601317957166392,0.5888245204850778
A,imagem,0.19400630914826497,0.5617792421746294,0.5885520294832954
A,imagem,0.1971608832807571,0.5617792421746294,0.5855248239111667
A,imagem,0.1971608832807571,0.5634266886326195,0.5841956164555511
A,imagem,0.1995268138801262,0.5634266886326195,0.5820337279208767
A,imagem,0.1995268138801262,0.5650741350906096,0.5814316327220087
A,imagem,0.20031545741324921,0.5650741350906096,0.5812376531108746
A,imagem,0.20031545741324921,0.5700164744645799,0.577434470011932
A,imagem,0.20268138801261829,0.5700164744645799,0.575739321416105
A,imagem,0.20268138801261829,0.57166392092257,0.5756444165624442
A,imagem,0.20425867507886436,0.57166392092257,0.5751580951362832
A,imagem,0.20425867507886436,0.5749588138385503,0.574480396459788
A,imagem,0.2058359621451104,0.5749588138385503,0.5741293799211736
A,imagem,0.2058359621451104,0.5766062602965404,0.5737690181864517
A,imagem,0.20977917981072555,0.5766062602965404,0.5721488208357309
A,imagem,0.20977917981072555,0.5799011532125206,0.5716390629631846
A,imagem,0.21056782334384858,0.5799011532125206,0.571381908340492
A,imagem,0.21056782334384858,0.5815485996705108,0.571365863860332
A,imagem,0.2113564668769716,0.5815485996705108,0.5711588130686197
A,imagem,0.2113564668769716,0.5848434925864909,0.5698104237376064
A,imagem,0.21214511041009465,0.5848434925864909,0.5696755616744464
A,imagem,0.21214511041009465,0.5930807248764415,0.5687296557194239
A,imagem,0.21293375394321767,0.5930807248764415,0.5676301785363717
A,imagem,0.21293375394321767,0.5963756177924218,0.5669759738085249
A,imagem,0.2137223974763407,0.5963756177924218,0.5660487240354302
A,imagem,0.2137223974763407,0.5996705107084019,0.5655689957085478
A,imagem,0.21451104100946372,0.5996705107084019,0.5655182938490148
A,imagem,0.21451104100946372,0.6013179571663921,0.5648163899111466
A,imagem,0.21608832807570977,0.6013179571663921,0.564224363867434
A,imagem,0.21608832807570977,0.6029654036243822,0.5634019600251555
A,imagem,0.22082018927444794,0.6029654036243822,0.5623145903759279
A,imagem,0.22082018927444794,0.6079077429983526,0.5612996225486664
A,imagem,0.221608832807571,0.6079077429983526,0.560520979653186
A,imagem,0.221608832807571,0.6095551894563427,0.5599115028978018
A,imagem,0.22318611987381703,0.6095551894563427,0.5589684760475967
A,imagem,0.22318611987381703,0.6128500823723229,0.5580708485451354
A,imagem,0.22397476340694006,0.6128500823723229,0.5576669450640153
A,imagem,0.22397476340694006,0.6144975288303131,0.5568879427382972
A,imagem,0.22634069400630916,0.6144975288303131,0.5553766715545329
A,imagem,0.22634069400630916,0.6161449752883031,0.5542672046465967
A,imagem,0.23186119873817035,0.6161449752883031,0.5514212351605167
A,imagem,0.23186119873817035,0.6194398682042833,0.5504751259594863
A,imagem,0.23264984227129337,0.6194398682042833,0.5503145873821869
A,imagem,0.23264984227129337,0.6210873146622735,0.5497739642511571
A,imagem,0.23501577287066247,0.6210873146622735,0.5474795605809281
A,imagem,0.23501577287066247,0.6227347611202636,0.5468530185159054
A,imagem,0.2358044164037855,0.6227347611202636,0.5467197697753693
A,imagem,0.2358044164037855,0.6293245469522241,0.5456988020514093
A,imagem,0.23895899053627762,0.6293245469522241,0.5448451676880629
A,imagem,0.23895899053627762,0.6326194398682042,0.5442217025634326
A,imagem,0.2421135646687697,0.6326194398682042,0.5421270124332116
A,imagem,0.2421135646687697,0.6342668863261944,0.5411929939446388
A,imagem,0.24290220820189273,0.6342668863261944,0.5404744697884057
A,imagem,0.24290220820189273,0.6359143327841845,0.5402261322522163
A,imagem,0.2444794952681388,0.6359143327841845,0.540157789569399
A,imagem,0.2444794952681388,0.6408566721581549,0.5381540329267568
A,imagem,0.24526813880126183,0.6408566721581549,0.5380849147872461
A,imagem,0.24526813880126183,0.642504118616145,0.5377934370867773
A,imagem,0.24605678233438485,0.642504118616145,0.5376163097063527
A,imagem,0.24605678233438485,0.6441515650741351,0.5375442134446988
A,imagem,0.24684542586750788,0.6441515650741351,0.5373653432387203
A,imagem,0.24684542586750788,0.6457990115321252,0.5372316089181011
A,imagem,0.25,0.6457990115321252,0.5331521126269522
A,imagem,0.25,0.6474464579901154,0.5329883403586746
A,imagem,0.250788643533123,0.6474464579901154,0.5328388518185366
A,imagem,0.250788643533123,0.6507413509060955,0.5317409798734463
A,imagem,0.25236593059936907,0.6507413509060955,0.5316042683237814
A,imagem,0.25236593059936907,0.6523887973640856,0.5307960114409578
A,imagem,0.2539432176656151,0.6523887973640856,0.5273625325134521
A,imagem,0.2539432176656151,0.6540362438220758,0.5262765805616264
A,imagem,0.2555205047318612,0.6540362438220758,0.525441281640483
A,imagem,0.2555205047318612,0.6556836902800659,0.5254178541278556
A,imagem,0.25630914826498424,0.6556836902800659,0.521218866083699
A,imagem,0.25630914826498424,0.657331136738056,0.5211504813717782
A,imagem,0.26261829652996843,0.657331136738056,0.5184693102106592
A,imagem,0.26261829652996843,0.6589785831960461,0.5179824906362991
A,imagem,0.2634069400630915,0.6589785831960461,0.5175306226588227
A,imagem,0.2634069400630915,0.6606260296540363,0.5172683318242988
A,imagem,0.26419558359621453,0.6606260296540363,0.5170421213233083
A,imagem,0.26419558359621453,0.6639209225700164,0.5160525962707357
A,imagem,0.26498422712933756,0.6639209225700164,0.5155485578210592
A,imagem,0.26498422712933756,0.6655683690280065,0.5144319020828104
A,imagem,0.26735015772870663,0.6655683690280065,0.5125339815238036
A,imagem,0.26735015772870663,0.6688632619439868,0.5100602716233469
A,imagem,0.26813880126182965,0.6688632619439868,0.5089384801757414
A,imagem,0.26813880126182965,0.6705107084019769,0.5088245932069355
A,imagem,0.27287066246056785,0.6705107084019769,0.5057352151910379
A,imagem,0.27287066246056785,0.6738056013179572,0.504768044198399
A,imagem,0.27365930599369087,0.6738056013179572,0.5031552330102274
A,imagem,0.27365930599369087,0.6754530477759473,0.5029402404845189
A,imagem,0.27917981072555204,0.6754530477759473,0.5000044492345362
A,imagem,0.27917981072555204,0.6771004942339374,0.4996178734871285
A,imagem,0.2807570977917981,0.6771004942339374,0.4977548432093824
A,imagem,0.2807570977917981,0.6787479406919276,0.4976243480935391
A,imagem,0.2823343848580442,0.6787479406919276,0.4975266428759703
A,imagem,0.2823343848580442,0.6803953871499177,0.497477765338301
A,imagem,0.2831230283911672,0.6803953871499177,0.4974241614169755
A,imagem,0.2831230283911672,0.6820428336079077,0.4971472115548493
A,imagem,0.28391167192429023,0.6820428336079077,0.4967925179275856
A,imagem,0.28391167192429023,0.6836902800658978,0.4959773839186503
A,imagem,0.2862776025236593,0.6836902800658978,0.4949633826633124
A,imagem,0.2862776025236593,0.6869851729818781,0.4938438487482239
A,imagem,0.28785488958990535,0.6869851729818781,0.4933833811521406
A,imagem,0.28785488958990535,0.6919275123558485,0.4918542001848492
A,imagem,0.2894321766561514,0.6919275123558485,0.4912336101944502
A,imagem,0.2894321766561514,0.6935749588138386,0.4901703943476086
A,imagem,0.2917981072555205,0.6935749588138386,0.4886888155660564
A,imagem,0.2917981072555205,0.6952224052718287,0.4883429169671315
A,imagem,0.29337539432176657,0.6952224052718287,0.4881062711575148
A,imagem,0.29337539432176657,0.6985172981878089,0.4873600462070366
A,imagem,0.2949526813880126,0.6985172981878089,0.4858915144339928
A,imagem,0.2949526813880126,0.7018121911037891,0.4847975997663934
A,imagem,0.29652996845425866,0.7018121911037891,0.4836877950077916
A,imagem,0.29652996845425866,0.7034596375617792,0.4833491546120329
A,imagem,0.2973186119873817,0.7034596375617792,0.4827991806300861
A,imagem,0.2973186119873817,0.7067545304777595,0.4817258335659531
A,imagem,0.2981072555205047,0.7067545304777595,0.480204760216394
A,imagem,0.2981072555205047,0.7084019769357496,0.4800440204566502
A,imagem,0.2996845425867508,0.7084019769357496,0.4795646541619509
A,imagem,0.2996845425867508,0.7116968698517299,0.4774012119720316
A,imagem,0.30362776025236593,0.7116968698517299,0.475555135406736
A,imagem,0.30362776025236593,0.71334431630972,0.4739853728133464
A,imagem,0.30441640378548895,0.71334431630972,0.4739768869600355
A,imagem,0.30441640378548895,0.71499176276771,0.4738950197141808
A,imagem,0.305993690851735,0.71499176276771,0.4728239573698632
A,imagem,0.305993690851735,0.7166392092257001,0.4728208013241565
A,imagem,0.31703470031545744,0.7166392092257001,0.4658169622961635
A,imagem,0.31703470031545744,0.7182866556836903,0.4648493940425734
A,imagem,0.3186119873817035,0.7182866556836903,0.4644674257169324
A,imagem,0.3186119873817035,0.7199341021416804,0.4640083844125048
A,imagem,0.3217665615141956,0.7199341021416804,0.461575732222251
A,imagem,0.3217665615141956,0.7215815485996705,0.4614256643767231
A,imagem,0.32334384858044163,0.7215815485996705,0.4612814750199105
A,imagem,0.32334384858044163,0.728171334431631,0.4597917079266558
A,imagem,0.3257097791798107,0.728171334431631,0.4587275848079873
A,imagem,0.3257097791798107,0.729818780889621,0.4578455853008742
A,imagem,0.3272870662460568,0.729818780889621,0.4576047959244746
A,imagem,0.3272870662460568,0.7314662273476112,0.4568368069135608
A,imagem,0.32886435331230285,0.7314662273476112,0.4566665462655517
A,imagem,0.32886435331230285,0.7331136738056013,0.4564082785751184
A,imagem,0.32965299684542587,0.7331136738056013,0.4556712969815062
A,imagem,0.32965299684542587,0.7347611202635914,0.4547414068579053
A,imagem,0.3312302839116719,0.7347611202635914,0.4539400599762722
A,imagem,0.3312302839116719,0.7364085667215815,0.4539387207767412
A,imagem,0.3359621451104101,0.7364085667215815,0.452294344145702
A,imagem,0.3359621451104101,0.7380560131795717,0.4522765918560697
A,imagem,0.3391167192429022,0.7380560131795717,0.4505745537026485
A,imagem,0.3391167192429022,0.7413509060955519,0.4496018927786441
A,imagem,0.34463722397476343,0.7413509060955519,0.4470823529340534
A,imagem,0.34463722397476343,0.742998352553542,0.4468739930568414
A,imagem,0.34542586750788645,0.742998352553542,0.4468603608760263
A,imagem,0.34542586750788645,0.7462932454695222,0.4454115349400621
A,imagem,0.3462145110410095,0.7462932454695222,0.4448718732569738
A,imagem,0.3462145110410095,0.7479406919275123,0.4447877776752509
A,imagem,0.35252365930599366,0.7479406919275123,0.4403620817113989
A,imagem,0.35252365930599366,0.7495881383855024,0.4403522311881955
A,imagem,0.35331230283911674,0.7495881383855024,0.4400043889705464
A,imagem,0.35331230283911674,0.7512355848434926,0.4398880916512173
A,imagem,0.3548895899053628,0.7512355848434926,0.4390290387094769
A,imagem,0.3548895899053628,0.7528830313014827,0.4382728724634311
A,imagem,0.35646687697160884,0.7528830313014827,0.436904630686372
A,imagem,0.35646687697160884,0.7545304777594728,0.4365135185579982
A,imagem,0.361198738170347,0.7545304777594728,0.4343124621354804
A,imagem,0.361198738170347,0.7561779242174629,0.4339859847735575
A,imagem,0.36198738170347006,0.7561779242174629,0.4339602724197852
A,imagem,0.36198738170347006,0.7627677100494233,0.4320797305505641
A,imagem,0.3643533123028391,0.7627677100494233,0.4299611578644536
A,imagem,0.3643533123028391,0.7644151565074135,0.4292582718051868
A,imagem,0.3659305993690852,0.7644151565074135,0.4283293290489368
A,imagem,0.3659305993690852,0.7660626029654036,0.4280151163036431
A,imagem,0.3698738170347003,0.7660626029654036,0.4262581217700563
A,imagem,0.3698738170347003,0.7677100494233937,0.4255627275567519
A,imagem,0.3722397476340694,0.7677100494233937,0.4247286537953521
A,imagem,0.3722397476340694,0.7693574958813838,0.4246256085991903
A,imagem,0.3746056782334385,0.7693574958813838,0.4226711530004137
A,imagem,0.3746056782334385,0.771004942339374,0.4221647349212455
A,imagem,0.3753943217665615,0.771004942339374,0.4219292268779421
A,imagem,0.3753943217665615,0.7742998352553542,0.4217456054311453
A,imagem,0.3824921135646688,0.7742998352553542,0.4187937881699272
A,imagem,0.3824921135646688,0.7759472817133443,0.4182972374352255
A,imagem,0.3856466876971609,0.7759472817133443,0.4162783185919032
A,imagem,0.3856466876971609,0.7775947281713345,0.4162178901240719
A,imagem,0.3872239747634069,0.7775947281713345,0.4156438183410838
A,imagem,0.3872239747634069,0.7808896210873146,0.4153255306743042
A,imagem,0.38801261829652994,0.7808896210873146,0.4148959833434085
A,imagem,0.38801261829652994,0.7841845140032949,0.4141259726995855
A,imagem,0.39037854889589907,0.7841845140032949,0.4128337784340422
A,imagem,0.39037854889589907,0.785831960461285,0.4128127489077087
A,imagem,0.39747634069400634,0.785831960461285,0.4092954694974778
A,imagem,0.39747634069400634,0.7874794069192751,0.4092663687460878
A,imagem,0.3998422712933754,0.7874794069192751,0.4073167204650686
A,imagem,0.3998422712933754,0.7891268533772653,0.4068246197554276
A,imagem,0.40457413249211355,0.7891268533772653,0.4063632992453472
A,imagem,0.40457413249211355,0.7907742998352554,0.4059810793272254
A,imagem,0.4077287066246057,0.7907742998352554,0.403962221186342
A,imagem,0.4077287066246057,0.7924217462932455,0.4032221259258496
A,imagem,0.4116719242902208,0.7924217462932455,0.4013740418595128
A,imagem,0.4116719242902208,0.7957166392092258,0.4000092626790593
A,imagem,0.41246056782334384,0.7957166392092258,0.3998312862175818
A,imagem,0.41246056782334384,0.7990115321252059,0.399529207319313
A,imagem,0.41324921135646686,0.7990115321252059,0.3992259739153314
A,imagem,0.41324921135646686,0.800658978583196,0.3984584192104333
A,imagem,0.415615141955836,0.800658978583196,0.3979778052322235
A,imagem,0.415615141955836,0.8039538714991763,0.3974739701021669
A,imagem,0.4187697160883281,0.8039538714991763,0.3946983534359206
A,imagem,0.4187697160883281,0.8056013179571664,0.3936782004496689
A,imagem,0.42034700315457413,0.8056013179571664,0.3924223931018618
A,imagem,0.42034700315457413,0.8072487644151565,0.3923669099167904
A,imagem,0.42665615141955837,0.8072487644151565,0.3907813514775238
A,imagem,0.42665615141955837,0.8088962108731467,0.3892284228825071
A,imagem,0.43375394321766564,0.8088962108731467,0.3854698574055354
A,imagem,0.43375394321766564,0.8105436573311368,0.3839364829071777
A,imagem,0.43454258675078866,0.8105436573311368,0.3837744573764417
A,imagem,0.43454258675078866,0.8121911037891268,0.3835955635648196
A,imagem,0.43690851735015773,0.8121911037891268,0.3826868101390656
A,imagem,0.43690851735015773,0.8154859967051071,0.3826014666479826
A,imagem,0.444794952681388,0.8154859967051071,0.3783496528854459
A,imagem,0.444794952681388,0.8171334431630972,0.3783426006678611
A,imagem,0.4471608832807571,0.8171334431630972,0.376817661556759
A,imagem,0.4471608832807571,0.8204283360790774,0.3762742518485932
A,imagem,0.4479495268138801,0.8204283360790774,0.3756176044402774
A,imagem,0.4479495268138801,0.8220757825370676,0.3754775063299307
A,imagem,0.45425867507886436,0.8220757825370676,0.3734205483459116
A,imagem,0.45425867507886436,0.8237232289950577,0.3731573539965551
A,imagem,0.4589905362776025,0.8237232289950577,0.371827877497809
A,imagem,0.4589905362776025,0.8253706754530478,0.371424392715784
A,imagem,0.47870662460567825,0.8253706754530478,0.3611157930498054
A,imagem,0.47870662460567825,0.8270181219110379,0.3609529389318218
A,imagem,0.4794952681388013,0.8270181219110379,0.3601292505678982
A,imagem,0.4794952681388013,0.828665568369028,0.359626670825424
A,imagem,0.48580441640378547,0.828665568369028,0.3565823665096291
A,imagem,0.48580441640378547,0.8303130148270181,0.3565346078697901
A,imagem,0.48738170347003157,0.8303130148270181,0.3562953849385412
A,imagem,0.48738170347003157,0.8319604612850082,0.35618603553897
A,imagem,0.48974763406940064,0.8319604612850082,0.3529555470241117
A,imagem,0.48974763406940064,0.8352553542009885,0.352602053072844
A,imagem,0.4921135646687697,0.8352553542009885,0.3519571845026825
A,imagem,0.4921135646687697,0.8369028006589786,0.3516296256385693
A,imagem,0.4952681388012618,0.8369028006589786,0.3506021323626193
A,imagem,0.4952681388012618,0.841845140032949,0.3492079688390885
A,imagem,0.5047318611987381,0.841845140032949,0.3438050462434552
A,imagem,0.5047318611987381,0.8434925864909391,0.3435638058054238
A,imagem,0.5063091482649842,0.8434925864909391,0.3434678841138965
A,imagem,0.5063091482649842,0.8451400329489291,0.3432944090049601
A,imagem,0.5212933753943217,0.8451400329489291,0.333233959922794
A,imagem,0.5212933753943217,0.8467874794069192,0.3320194721266094
A,imagem,0.5236593059936908,0.8467874794069192,0.3303018669364456
A,imagem,0.5236593059936908,0.8484349258649094,0.3299396133255102
A,imagem,0.5378548895899053,0.8484349258649094,0.3195128868327513
A,imagem,0.5378548895899053,0.8500823723228995,0.3188451062552305
A,imagem,0.5386435331230284,0.8500823723228995,0.318729800287548
A,imagem,0.5386435331230284,0.8517298187808896,0.3179023068462033
A,imagem,0.5394321766561514,0.8517298187808896,0.3178282023422888
A,imagem,0.5394321766561514,0.8533772652388797,0.3170258318463788
A,imagem,0.5433753943217665,0.8533772652388797,0.3133266363606331
A,imagem,0.5433753943217665,0.85667215815486,0.3114669623508797
A,imagem,0.5449526813880127,0.85667215815486,0.3112004939847887
A,imagem,0.5449526813880127,0.8583196046128501,0.3110457018499956
A,imagem,0.5488958990536278,0.8583196046128501,0.3094357786535959
A,imagem,0.5488958990536278,0.8599670510708401,0.3087380586098091
A,imagem,0.5520504731861199,0.8599670510708401,0.3061242422747693
A,imagem,0.5520504731861199,0.8616144975288303,0.3059552379970245
A,imagem,0.554416403785489,0.8616144975288303,0.3048110588113225
A,imagem,0.554416403785489,0.8632619439868204,0.3041934656117901
A,imagem,0.555205047318612,0.8632619439868204,0.3036118546045548
A,imagem,0.555205047318612,0.8649093904448105,0.3027152182231512
A,imagem,0.5583596214511041,0.8649093904448105,0.3016977704678466
A,imagem,0.5583596214511041,0.8665568369028006,0.301628914060337
A,imagem,0.5615141955835962,0.8665568369028006,0.2980757230769454
A,imagem,0.5615141955835962,0.8682042833607908,0.2980689313633139
A,imagem,0.5623028391167192,0.8682042833607908,0.2978443070948721
A,imagem,0.5623028391167192,0.8698517298187809,0.2977364232604303
A,imagem,0.5638801261829653,0.8698517298187809,0.2973267908813408
A,imagem,0.5638801261829653,0.871499176276771,0.2965015107323605
A,imagem,0.5678233438485805,0.871499176276771,0.2945418623262603
A,imagem,0.5678233438485805,0.8731466227347611,0.2939260303882308
A,imagem,0.5686119873817035,0.8731466227347611,0.293574672550927
A,imagem,0.5686119873817035,0.8747940691927513,0.293355494653401
A,imagem,0.5701892744479495,0.8747940691927513,0.2931059241312124
A,imagem,0.5701892744479495,0.8764415156507414,0.2929604382758336
A,imagem,0.5709779179810726,0.8764415156507414,0.2929406916198515
A,imagem,0.5709779179810726,0.8780889621087314,0.2919005491438695
A,imagem,0.5946372239747634,0.8780889621087314,0.2770541779593276
A,imagem,0.5946372239747634,0.8797364085667215,0.2769674887557058
A,imagem,0.5970031545741324,0.8797364085667215,0.2764633353274707
A,imagem,0.5970031545741324,0.8830313014827018,0.275746942265824
A,imagem,0.6017350157728707,0.8830313014827018,0.2723762216689969
A,imagem,0.6017350157728707,0.886326194398682,0.2712016605574555
A,imagem,0.6072555205047319,0.886326194398682,0.2696848500147926
A,imagem,0.6072555205047319,0.8879736408566722,0.2696574097011825
A,imagem,0.6167192429022083,0.8879736408566722,0.2655912482472803
A,imagem,0.6167192429022083,0.8896210873146623,0.2648186920576256
A,imagem,0.6175078864353313,0.8896210873146623,0.2647091865208098
A,imagem,0.6175078864353313,0.8912685337726524,0.2639564919165576
A,imagem,0.6190851735015773,0.8912685337726524,0.2636490309815811
A,imagem,0.6190851735015773,0.8929159802306426,0.26352420240914
A,imagem,0.6222397476340694,0.8929159802306426,0.2615678505228889
A,imagem,0.6222397476340694,0.8945634266886326,0.2605257262320835
A,imagem,0.6301261829652997,0.8945634266886326,0.2576481961693347
A,imagem,0.6301261829652997,0.8962108731466227,0.2574305803938677
A,imagem,0.6324921135646687,0.8962108731466227,0.2566646646246673
A,imagem,0.6324921135646687,0.8978583196046128,0.2564571593848745
A,imagem,0.636435331230284,0.8978583196046128,0.254375023026616
A,imagem,0.636435331230284,0.899505766062603,0.2540490185028401
A,imagem,0.6419558359621451,0.899505766062603,0.2503159678413802
A,imagem,0.6419558359621451,0.9028006589785832,0.2493581116637946
A,imagem,0.6451104100946372,0.9028006589785832,0.2474924946326935
A,imagem,0.6451104100946372,0.9044481054365733,0.2461608360313594
A,imagem,0.6482649842271293,0.9044481054365733,0.2453402656789188
A,imagem,0.6482649842271293,0.9060955518945635,0.2452547293922468
A,imagem,0.6506309148264984,0.9060955518945635,0.2441158864387339
A,imagem,0.6506309148264984,0.9077429983525536,0.2440912616928101
A,imagem,0.6561514195583596,0.9077429983525536,0.2416657213026756
A,imagem,0.6561514195583596,0.9093904448105437,0.2414063139215906
A,imagem,0.6600946372239748,0.9093904448105437,0.239681694091812
A,imagem,0.6600946372239748,0.9126853377265239,0.2379116485596236
A,imagem,0.666403785488959,0.9126853377265239,0.234403446755836
A,imagem,0.666403785488959,0.914332784184514,0.2339707820576532
A,imagem,0.6766561514195584,0.914332784184514,0.2268278081425986
A,imagem,0.6766561514195584,0.9176276771004942,0.2247955118154635
A,imagem,0.6884858044164038,0.9176276771004942,0.2212767290228406
A,imagem,0.6884858044164038,0.9209225700164745,0.2209489933862799
A,imagem,0.7050473186119873,0.9209225700164745,0.2136843729178114
A,imagem,0.7050473186119873,0.9242174629324547,0.2128676377044283
A,imagem,0.7129337539432177,0.9242174629324547,0.2044805875597367
A,imagem,0.7129337539432177,0.9258649093904449,0.2039519940030707
A,imagem,0.7200315457413249,0.9258649093904449,0.1973740432748694
A,imagem,0.7200315457413249,0.9275123558484349,0.1969263553741156
A,imagem,0.723186119873817,0.9275123558484349,0.1960565402936609
A,imagem,0.723186119873817,0.929159802306425,0.1957622087292259
A,imagem,0.7255520504731862,0.929159802306425,0.1935610436719294
A,imagem,0.7255520504731862,0.9308072487644151,0.1935571252986747
A,imagem,0.7302839116719243,0.9308072487644151,0.1927711031757701
A,imagem,0.7302839116719243,0.9324546952224053,0.1915481466702406
A,imagem,0.7413249211356467,0.9324546952224053,0.1833012292365403
A,imagem,0.7413249211356467,0.9341021416803954,0.1831844141118125
A,imagem,0.7618296529968455,0.9341021416803954,0.1717646283896114
A,imagem,0.7618296529968455,0.9357495881383855,0.171650698412823
A,imagem,0.7649842271293376,0.9357495881383855,0.169951952653635
A,imagem,0.7649842271293376,0.9373970345963756,0.169819654777151
A,imagem,0.7657728706624606,0.9373970345963756,0.1697224274045871
A,imagem,0.7657728706624606,0.9390444810543658,0.1693397534981195
A,imagem,0.7681388012618297,0.9390444810543658,0.1681203585929748
A,imagem,0.7681388012618297,0.9406919275123559,0.1676244739303495
A,imagem,0.7736593059936908,0.9406919275123559,0.1641604771829233
A,imagem,0.7736593059936908,0.942339373970346,0.1638664445288803
A,imagem,0.7760252365930599,0.942339373970346,0.1627231127358782
A,imagem,0.7760252365930599,0.943986820428336,0.1619952793457929
A,imagem,0.7902208201892744,0.943986820428336,0.1553077193722365
A,imagem,0.7902208201892744,0.9456342668863262,0.1550622773119239
A,imagem,0.7910094637223974,0.9456342668863262,0.1543761330507997
A,imagem,0.7910094637223974,0.9489291598023064,0.1535192992108489
A,imagem,0.7933753943217665,0.9489291598023064,0.1523549357941729
A,imagem,0.7933753943217665,0.9522240527182867,0.1519081223295059
A,imagem,0.8130914826498423,0.9522240527182867,0.1410266634707903
A,imagem,0.8130914826498423,0.9538714991762768,0.1408920676759024
A,imagem,0.8201892744479495,0.9538714991762768,0.1355589734411555
A,imagem,0.8201892744479495,0.9588138385502472,0.1339959290468605
A,imagem,0.8343848580441641,0.9588138385502472,0.1286138870261202
A,imagem,0.8343848580441641,0.9604612850082372,0.1284657556106723
A,imagem,0.8375394321766562,0.9604612850082372,0.1257300410578221
A,imagem,0.8375394321766562,0.9621087314662273,0.125633503198745
A,imagem,0.8406940063091483,0.9621087314662273,0.1228283534390018
A,imagem,0.8406940063091483,0.9637561779242174,0.1225769053319099
A,imagem,0.8533123028391167,0.9637561779242174,0.1179697539376948
A,imagem,0.8533123028391167,0.9654036243822076,0.1178820621483165
A,imagem,0.8596214511041009,0.9654036243822076,0.1146357122009694
A,imagem,0.8596214511041009,0.9670510708401977,0.1146089765805092
A,imagem,0.863564668769716,0.9670510708401977,0.1113626847174814
A,imagem,0.863564668769716,0.9686985172981878,0.1108475488225205
A,imagem,0.8643533123028391,0.9686985172981878,0.1094546779326852
A,imagem,0.8643533123028391,0.9703459637561779,0.1084110106438537
A,imagem,0.8911671924290221,0.9703459637561779,0.0929537576866996
A,imagem,0.8911671924290221,0.9719934102141681,0.0928902458788045
A,imagem,0.8919558359621451,0.9719934102141681,0.0927223131936852
A,imagem,0.8919558359621451,0.9736408566721582,0.0909428962680935
A,imagem,0.9029968454258676,0.9736408566721582,0.0823176554488174
A,imagem,0.9029968454258676,0.9752883031301482,0.0819530012889202
A,imagem,0.9108832807570978,0.9752883031301482,0.0768689347496975
A,imagem,0.9108832807570978,0.9769357495881383,0.0763784906573707
A,imagem,0.9156151419558359,0.9769357495881383,0.0748462136212138
A,imagem,0.9156151419558359,0.9785831960461285,0.0746356037800823
A,imagem,0.9203470031545742,0.9785831960461285,0.0719415675911251
A,imagem,0.9203470031545742,0.9802306425041186,0.071866915863069
A,imagem,0.9250788643533123,0.9802306425041186,0.0705198158421743
A,imagem,0.9250788643533123,0.9818780889621087,0.0697189272676094
A,imagem,0.9274447949526814,0.9818780889621087,0.0670268135198019
A,imagem,0.9274447949526814,0.9835255354200988,0.066434790731511
A,imagem,0.9313880126182965,0.9835255354200988,0.0633646245424872
A,imagem,0.9313880126182965,0.985172981878089,0.0631993391547478
A,imagem,0.9652996845425867,0.985172981878089,0.0413318750794601
A,imagem,0.9652996845425867,0.9884678747940692,0.0406183408962676
A,imagem,0.973186119873817,0.9884678747940692,0.0348864034206933
A,imagem,0.973186119873817,0.9901153212520593,0.0342711214405831
A,imagem,0.9747634069400631,0.9901153212520593,0.0333471031529947
A,imagem,0.9747634069400631,0.9917627677100495,0.0327595304053728
A,imagem,0.9763406940063092,0.9917627677100495,0.0323465139758858
A,imagem,0.9763406940063092,0.9934102141680395,0.0321880860065598
A,imagem,0.9929022082018928,0.9934102141680395,0.0157941300945206
A,imagem,0.9929022082018928,0.9950576606260296,0.0145013978539693
A,imagem,0.9976340694006309,0.9950576606260296,0.0110217943781713
A,imagem,0.9976340694006309,0.9967051070840197,0.010996803329295
A,imagem,1.0,0.9967051070840197,0.0070715603537698
A,imagem,1.0,1.0,0.0001806079302776
A,paciente,0.0,0.0,inf
A,paciente,0.0,0.0029239766081871343,0.9849466084492108
A,paciente,0.0,0.038011695906432746,0.965485632512034
A,paciente,0.002770083102493075,0.038011695906432746,0.9624105286404346
A,paciente,0.002770083102493075,0.04093567251461988,0.9616219926968548
A,paciente,0.004155124653739612,0.04093567251461988,0.9606957493241902
A,paciente,0.004155124653739612,0.049707602339181284,0.9519626818630244
A,paciente,0.00554016620498615,0.049707602339181284,0.9490652879417254
A,paciente,0.00554016620498615,0.06140350877192982,0.9405760885264176
A,paciente,0.008310249307479225,0.06140350877192982,0.932918367211289
A,paciente,0.008310249307479225,0.06725146198830409,0.929655432379644
A,paciente,0.009695290858725761,0.06725146198830409,0.928731474270342
A,paciente,0.009695290858725761,0.08771929824561403,0.9134932229219598
A,paciente,0.0110803324099723,0.08771929824561403,0.9133384383931464
A,paciente,0.0110803324099723,0.0935672514619883,0.9117259704042866
A,paciente,0.012465373961218837,0.0935672514619883,0.9102060879138496
A,paciente,0.012465373961218837,0.09649122807017543,0.9075922794863346
A,paciente,0.013850415512465374,0.09649122807017543,0.9073178805999836
A,paciente,0.013850415512465374,0.1023391812865497,0.9037264937962544
A,paciente,0.015235457063711912,0.1023391812865497,0.9023314145010886
A,paciente,0.015235457063711912,0.11403508771929824,0.8993164781402546
A,paciente,0.01662049861495845,0.11403508771929824,0.898622023846249
A,paciente,0.01662049861495845,0.11988304093567251,0.8884810976054225
A,paciente,0.018005540166204988,0.11988304093567251,0.8879029030419225
A,paciente,0.018005540166204988,0.15497076023391812,0.8718833364898902
A,paciente,0.019390581717451522,0.15497076023391812,0.8698654586969332
A,paciente,0.019390581717451522,0.1608187134502924,0.8684266745078189
A,paciente,0.02077562326869806,0.1608187134502924,0.8659749254677034
A,paciente,0.02077562326869806,0.16374269005847952,0.8645730873412517
A,paciente,0.0221606648199446,0.16374269005847952,0.8636676235334839
A,paciente,0.0221606648199446,0.21637426900584794,0.8386475700982289
A,paciente,0.023545706371191136,0.21637426900584794,0.8379706358842602
A,paciente,0.023545706371191136,0.22514619883040934,0.8343573591353382
A,paciente,0.024930747922437674,0.22514619883040934,0.8330402148553546
A,paciente,0.024930747922437674,0.23391812865497075,0.83162626811574
A,paciente,0.027700831024930747,0.23391812865497075,0.8290202588252695
A,paciente,0.027700831024930747,0.24269005847953215,0.8263796791254041
A,paciente,0.03185595567867036,0.24269005847953215,0.8233917449753669
A,paciente,0.03185595567867036,0.24561403508771928,0.823179785023334
A,paciente,0.0332409972299169,0.24561403508771928,0.8231700118593688
A,paciente,0.0332409972299169,0.24853801169590642,0.8228951378345803
A,paciente,0.03462603878116344,0.24853801169590642,0.8226159344298777
A,paciente,0.03462603878116344,0.2573099415204678,0.8205567682943382
A,paciente,0.036011080332409975,0.2573099415204678,0.8195537983977494
A,paciente,0.036011080332409975,0.2807017543859649,0.8109581670616357
A,paciente,0.037396121883656507,0.2807017543859649,0.8094541532131387
A,paciente,0.037396121883656507,0.2894736842105263,0.8003632192257858
A,paciente,0.038781163434903045,0.2894736842105263,0.8003301026547437
A,paciente,0.038781163434903045,0.2953216374269006,0.7929445522404063
A,paciente,0.04293628808864266,0.2953216374269006,0.7878845275529638
A,paciente,0.04293628808864266,0.2982456140350877,0.7868739592242746
A,paciente,0.04709141274238227,0.2982456140350877,0.7824575103041065
A,paciente,0.04709141274238227,0.30116959064327486,0.7755397296437128
A,paciente,0.04847645429362881,0.30116959064327486,0.77445667173516
A,paciente,0.04847645429362881,0.30701754385964913,0.7715147182210413
A,paciente,0.05124653739612189,0.30701754385964913,0.7700630421335242
A,paciente,0.05124653739612189,0.31871345029239767,0.7641196205808038
A,paciente,0.05263157894736842,0.31871345029239767,0.7635324997888844
A,paciente,0.05263157894736842,0.3216374269005848,0.76150000186112
A,paciente,0.054016620498614956,0.3216374269005848,0.7605808874282942
A,paciente,0.054016620498614956,0.32748538011695905,0.7559039511412355
A,paciente,0.055401662049861494,0.32748538011695905,0.7530928887567481
A,paciente,0.055401662049861494,0.3304093567251462,0.751333832762278
A,paciente,0.05955678670360111,0.3304093567251462,0.7452114357464252
A,paciente,0.05955678670360111,0.3333333333333333,0.7447772839467308
A,paciente,0.060941828254847646,0.3333333333333333,0.7439509217233531
A,paciente,0.060941828254847646,0.3508771929824561,0.7374100669737568
A,paciente,0.06371191135734072,0.3508771929824561,0.7350884595679442
A,paciente,0.06371191135734072,0.35964912280701755,0.7325601820464653
A,paciente,0.06786703601108034,0.35964912280701755,0.7314928859280243
A,paciente,0.06786703601108034,0.36257309941520466,0.7306285549026947
A,paciente,0.07063711911357341,0.36257309941520466,0.7298247486328346
A,paciente,0.07063711911357341,0.3742690058479532,0.7263380586384951
A,paciente,0.07340720221606649,0.3742690058479532,0.7251108367679744
A,paciente,0.07340720221606649,0.38011695906432746,0.7226529853423651
A,paciente,0.07894736842105263,0.38011695906432746,0.7172152892654597
A,paciente,0.07894736842105263,0.391812865497076,0.7091531674800001
A,paciente,0.08033240997229917,0.391812865497076,0.7073785896702061
A,paciente,0.08033240997229917,0.39473684210526316,0.7073231433169888
A,paciente,0.0886426592797784,0.39473684210526316,0.7008623403664297
A,paciente,0.0886426592797784,0.39766081871345027,0.7007657311423767
A,paciente,0.09002770083102493,0.39766081871345027,0.7002235648794843
A,paciente,0.09002770083102493,0.41228070175438597,0.6968469383119246
A,paciente,0.09141274238227147,0.41228070175438597,0.6960172295287943
A,paciente,0.09141274238227147,0.4152046783625731,0.6952448568916181
A,paciente,0.09556786703601108,0.4152046783625731,0.6945551802997258
A,paciente,0.09556786703601108,0.41812865497076024,0.6933814973668092
A,paciente,0.09833795013850416,0.41812865497076024,0.6916112648948689
A,paciente,0.09833795013850416,0.42105263157894735,0.691462288966906
A,paciente,0.10110803324099724,0.42105263157894735,0.690541529602277
A,paciente,0.10110803324099724,0.4239766081871345,0.6902020382446868
A,paciente,0.10249307479224377,0.4239766081871345,0.6900553475944831
A,paciente,0.10249307479224377,0.4269005847953216,0.6899373947969627
A,paciente,0.10526315789473684,0.4269005847953216,0.6895387680207439
A,paciente,0.10526315789473684,0.43567251461988304,0.6844835131796857
A,paciente,0.10664819944598337,0.43567251461988304,0.6838809947698475
A,paciente,0.10664819944598337,0.4444444444444444,0.6806850928770489
A,paciente,0.11218836565096953,0.4444444444444444,0.6779013104930299
A,paciente,0.11218836565096953,0.4473684210526316,0.6755351367567752
A,paciente,0.11634349030470914,0.4473684210526316,0.6728023489238943
A,paciente,0.11634349030470914,0.4619883040935672,0.6625362408366227
A,paciente,0.11911357340720222,0.4619883040935672,0.6619134545332798
A,paciente,0.11911357340720222,0.47953216374269003,0.6553713832050375
A,paciente,0.12049861495844875,0.47953216374269003,0.6547639619322936
A,paciente,0.12049861495844875,0.48830409356725146,0.6499916050181849
A,paciente,0.1260387811634349,0.48830409356725146,0.6444223599214788
A,paciente,0.1260387811634349,0.49122807017543857,0.6443480814115246
A,paciente,0.12742382271468145,0.49122807017543857,0.6443308757805859
A,paciente,0.12742382271468145,0.49415204678362573,0.6426322691408092
A,paciente,0.13157894736842105,0.49415204678362573,0.6413136497350338
A,paciente,0.13157894736842105,0.49707602339181284,0.6405490499615797
A,paciente,0.1329639889196676,0.49707602339181284,0.6389695119246486
A,paciente,0.1329639889196676,0.5029239766081871,0.6384940135520831
A,paciente,0.13434903047091412,0.5029239766081871,0.6371055439115065
A,paciente,0.13434903047091412,0.5087719298245614,0.6361250278695798
A,paciente,0.13850415512465375,0.5087719298245614,0.6355966217293703
A,paciente,0.13850415512465375,0.5146198830409356,0.63454389502158
A,paciente,0.14127423822714683,0.5146198830409356,0.6326229294478138
A,paciente,0.14127423822714683,0.5175438596491229,0.6315983128177128
A,paciente,0.1440443213296399,0.5175438596491229,0.6311070031809473
A,paciente,0.1440443213296399,0.5263157894736842,0.628970798044238
A,paciente,0.14542936288088643,0.5263157894736842,0.6281664772043645
A,paciente,0.14542936288088643,0.5321637426900585,0.6272124859550511
A,paciente,0.15096952908587258,0.5321637426900585,0.6201337060508763
A,paciente,0.15096952908587258,0.5350877192982456,0.6187695712173134
A,paciente,0.1523545706371191,0.5350877192982456,0.6169730340960314
A,paciente,0.1523545706371191,0.5380116959064327,0.6166620162896856
A,paciente,0.15373961218836565,0.5380116959064327,0.6162873163719048
A,paciente,0.15373961218836565,0.5409356725146199,0.6158650495008275
A,paciente,0.16066481994459833,0.5409356725146199,0.6120656046943453
A,paciente,0.16066481994459833,0.5497076023391813,0.6105890636038583
A,paciente,0.16620498614958448,0.5497076023391813,0.6084855039814105
A,paciente,0.16620498614958448,0.5526315789473685,0.60681807007383
A,paciente,0.16759002770083103,0.5526315789473685,0.6066518057324863
A,paciente,0.16759002770083103,0.5584795321637427,0.603726413313193
A,paciente,0.17174515235457063,0.5584795321637427,0.6024046761586389
A,paciente,0.17174515235457063,0.5614035087719298,0.6021479516569972
A,paciente,0.1772853185595568,0.5614035087719298,0.6001804099545396
A,paciente,0.1772853185595568,0.5672514619883041,0.5945818359535715
A,paciente,0.1786703601108033,0.5672514619883041,0.5939976483902193
A,paciente,0.1786703601108033,0.5760233918128655,0.5924720036276
A,paciente,0.18698060941828254,0.5760233918128655,0.5865936243933693
A,paciente,0.18698060941828254,0.5818713450292398,0.5856431525350194
A,paciente,0.18975069252077562,0.5818713450292398,0.5832780657253529
A,paciente,0.18975069252077562,0.5935672514619883,0.5810076053727609
A,paciente,0.19113573407202217,0.5935672514619883,0.57577527223981
A,paciente,0.19113573407202217,0.5964912280701754,0.575771022050972
A,paciente,0.1925207756232687,0.5964912280701754,0.5742194479450969
A,paciente,0.1925207756232687,0.6140350877192983,0.5695648526723864
A,paciente,0.19390581717451524,0.6140350877192983,0.5666152492058014
A,paciente,0.19390581717451524,0.6169590643274854,0.5660924550096329
A,paciente,0.19529085872576177,0.6169590643274854,0.5659889944699652
A,paciente,0.19529085872576177,0.6198830409356725,0.5658560560177992
A,paciente,0.19667590027700832,0.6198830409356725,0.5655182938490148
A,paciente,0.19667590027700832,0.6228070175438597,0.5645699762355243
A,paciente,0.19806094182825484,0.6228070175438597,0.5638861313533081
A,paciente,0.19806094182825484,0.6257309941520468,0.5628107361152748
A,paciente,0.203601108033241,0.6257309941520468,0.5576669450640153
A,paciente,0.203601108033241,0.6286549707602339,0.5575013042051578
A,paciente,0.20498614958448755,0.6286549707602339,0.5536166340673279
A,paciente,0.20498614958448755,0.631578947368421,0.5531106881666171
A,paciente,0.2077562326869806,0.631578947368421,0.5481332014242898
A,paciente,0.2077562326869806,0.6403508771929824,0.5464388750199783
A,paciente,0.20914127423822715,0.6403508771929824,0.5464051958774876
A,paciente,0.20914127423822715,0.6432748538011696,0.546120653303549
A,paciente,0.21191135734072022,0.6432748538011696,0.5453000299634727
A,paciente,0.21191135734072022,0.6461988304093568,0.5442217025634326
A,paciente,0.21329639889196675,0.6461988304093568,0.5439727955282165
A,paciente,0.21329639889196675,0.6491228070175439,0.5430998384602039
A,paciente,0.21606648199445982,0.6491228070175439,0.5408066738785002
A,paciente,0.21606648199445982,0.652046783625731,0.5405597255366776
A,paciente,0.22299168975069253,0.652046783625731,0.5384736693393581
A,paciente,0.22299168975069253,0.6549707602339181,0.5383825862970487
A,paciente,0.23130193905817176,0.6549707602339181,0.5347715178972864
A,paciente,0.23130193905817176,0.6608187134502924,0.5327339858797917
A,paciente,0.23268698060941828,0.6608187134502924,0.5316042683237814
A,paciente,0.23268698060941828,0.6637426900584795,0.5308674308974471
A,paciente,0.23822714681440443,0.6637426900584795,0.5283649308933185
A,paciente,0.23822714681440443,0.6695906432748538,0.5276893223240999
A,paciente,0.2409972299168975,0.6695906432748538,0.5273350497424203
A,paciente,0.2409972299168975,0.672514619883041,0.5271680100077808
A,paciente,0.24376731301939059,0.672514619883041,0.5264819736784556
A,paciente,0.24376731301939059,0.6783625730994152,0.5248148946878953
A,paciente,0.2451523545706371,0.6783625730994152,0.5244851907347916
A,paciente,0.2451523545706371,0.6812865497076024,0.5219877024832775
A,paciente,0.24930747922437674,0.6812865497076024,0.5192173298131579
A,paciente,0.24930747922437674,0.6842105263157895,0.5179824906362991
A,paciente,0.2562326869806094,0.6842105263157895,0.5161815181279777
A,paciente,0.2562326869806094,0.6871345029239766,0.512406727625579
A,paciente,0.25761772853185594,0.6871345029239766,0.5122086208233362
A,paciente,0.25761772853185594,0.6900584795321637,0.5115570291365974
A,paciente,0.26177285318559557,0.6900584795321637,0.5087579571011123
A,paciente,0.26177285318559557,0.7017543859649122,0.5035388072783054
A,paciente,0.2631578947368421,0.7017543859649122,0.5025479514103912
A,paciente,0.2631578947368421,0.7046783625730995,0.5019127424044432
A,paciente,0.2742382271468144,0.7046783625730995,0.497491905484892
A,paciente,0.2742382271468144,0.7076023391812866,0.4968261800680019
A,paciente,0.2756232686980609,0.7076023391812866,0.4964499341858481
A,paciente,0.2756232686980609,0.7105263157894737,0.4952515218945635
A,paciente,0.2770083102493075,0.7105263157894737,0.4942407573760602
A,paciente,0.2770083102493075,0.7134502923976608,0.4938438487482239
A,paciente,0.28254847645429365,0.7134502923976608,0.4911783913720267
A,paciente,0.28254847645429365,0.716374269005848,0.490976887799922
A,paciente,0.2880886426592798,0.716374269005848,0.4898567999858193
A,paciente,0.2880886426592798,0.7222222222222222,0.4880107021876503
A,paciente,0.3060941828254848,0.7222222222222222,0.4727564587488975
A,paciente,0.3060941828254848,0.7251461988304093,0.4721035810246773
A,paciente,0.31163434903047094,0.7251461988304093,0.4703881563247716
A,paciente,0.31163434903047094,0.7280701754385965,0.4701130275744538
A,paciente,0.3157894736842105,0.7280701754385965,0.468843469831417
A,paciente,0.3157894736842105,0.7309941520467836,0.4683796068917847
A,paciente,0.32132963988919666,0.7309941520467836,0.4657988318201229
A,paciente,0.32132963988919666,0.7368421052631579,0.4644380726461576
A,paciente,0.3268698060941828,0.7368421052631579,0.4612814750199105
A,paciente,0.3268698060941828,0.7397660818713451,0.4612169214288344
A,paciente,0.32825484764542934,0.7397660818713451,0.461133173881067
A,paciente,0.32825484764542934,0.7426900584795322,0.4597917079266558
A,paciente,0.3365650969529086,0.7426900584795322,0.4571372254094605
A,paciente,0.3365650969529086,0.7456140350877193,0.4556935983727945
A,paciente,0.33933518005540164,0.7456140350877193,0.4541945638965978
A,paciente,0.33933518005540164,0.7485380116959064,0.4536415062086844
A,paciente,0.3407202216066482,0.7485380116959064,0.4533583815416747
A,paciente,0.3407202216066482,0.7514619883040936,0.4532067901504686
A,paciente,0.3448753462603878,0.7514619883040936,0.4505745537026485
A,paciente,0.3448753462603878,0.7573099415204678,0.4489923065292825
A,paciente,0.35318559556786705,0.7573099415204678,0.444894938619942
A,paciente,0.35318559556786705,0.7602339181286549,0.4447855559846284
A,paciente,0.3573407202216066,0.7602339181286549,0.443729903535989
A,paciente,0.3573407202216066,0.7660818713450293,0.4427951967157593
A,paciente,0.3587257617728532,0.7660818713450293,0.4423178239884943
A,paciente,0.3587257617728532,0.7719298245614035,0.4412128185397636
A,paciente,0.3656509695290859,0.7719298245614035,0.4380621705248219
A,paciente,0.3656509695290859,0.7748538011695907,0.4379170940180733
A,paciente,0.37257617728531855,0.7748538011695907,0.4346693957932912
A,paciente,0.37257617728531855,0.7777777777777778,0.4333647282311426
A,paciente,0.3781163434903047,0.7777777777777778,0.4282206443066615
A,paciente,0.3781163434903047,0.7807017543859649,0.4268962871467568
A,paciente,0.38365650969529086,0.7807017543859649,0.4219292268779421
A,paciente,0.38365650969529086,0.7865497076023392,0.421692722423144
A,paciente,0.3864265927977839,0.7865497076023392,0.4189938351093235
A,paciente,0.3864265927977839,0.7894736842105263,0.4186810308766922
A,paciente,0.3878116343490305,0.7894736842105263,0.4186273935643124
A,paciente,0.3878116343490305,0.7923976608187134,0.4182972374352255
A,paciente,0.3975069252077562,0.7923976608187134,0.410117590949783
A,paciente,0.3975069252077562,0.7982456140350878,0.409609706367546
A,paciente,0.40443213296398894,0.7982456140350878,0.4080874581826816
A,paciente,0.40443213296398894,0.804093567251462,0.4078376470576919
A,paciente,0.40581717451523547,0.804093567251462,0.4077572674523465
A,paciente,0.40581717451523547,0.8070175438596491,0.4075846602979766
A,paciente,0.407202216066482,0.8070175438596491,0.4073167204650686
A,paciente,0.407202216066482,0.8099415204678363,0.4072963281543913
A,paciente,0.41412742382271467,0.8099415204678363,0.4024381253577387
A,paciente,0.41412742382271467,0.8128654970760234,0.4023832965634049
A,paciente,0.4168975069252078,0.8128654970760234,0.4009105762621854
A,paciente,0.4168975069252078,0.8157894736842105,0.4002387820473502
A,paciente,0.4182825484764543,0.8157894736842105,0.3999433318535721
A,paciente,0.4182825484764543,0.8187134502923976,0.3999049396590056
A,paciente,0.4224376731301939,0.8187134502923976,0.3992259739153314
A,paciente,0.4224376731301939,0.8216374269005848,0.3981083293962899
A,paciente,0.4279778393351801,0.8216374269005848,0.3961094952429397
A,paciente,0.4279778393351801,0.8245614035087719,0.3939150215952123
A,paciente,0.4376731301939058,0.8245614035087719,0.3893185739688894
A,paciente,0.4376731301939058,0.827485380116959,0.3888073416784233
A,paciente,0.44182825484764543,0.827485380116959,0.3882501399333444
A,paciente,0.44182825484764543,0.8304093567251462,0.3857882643794073
A,paciente,0.4626038781163435,0.8304093567251462,0.3744708447509055
A,paciente,0.4626038781163435,0.8333333333333334,0.3708257202227846
A,paciente,0.46398891966759004,0.8333333333333334,0.3698376288919353
A,paciente,0.46398891966759004,0.8362573099415205,0.3696538522822608
A,paciente,0.47368421052631576,0.8362573099415205,0.3638283711062751
A,paciente,0.47368421052631576,0.8391812865497076,0.3629617291042966
A,paciente,0.4778393351800554,0.8391812865497076,0.3615755431078307
A,paciente,0.4778393351800554,0.8421052631578947,0.3613799620293416
A,paciente,0.48476454293628807,0.8421052631578947,0.3562953849385412
A,paciente,0.48476454293628807,0.847953216374269,0.3559800922678293
A,paciente,0.49722991689750695,0.847953216374269,0.3503928957208198
A,paciente,0.49722991689750695,0.8508771929824561,0.3485938534615458
A,paciente,0.4986149584487535,0.8508771929824561,0.3464445000547126
A,paciente,0.4986149584487535,0.8538011695906432,0.3459986955684421
A,paciente,0.502770083102493,0.8538011695906432,0.3444440784927876
A,paciente,0.502770083102493,0.8567251461988304,0.3441027538327897
A,paciente,0.5318559556786704,0.8567251461988304,0.3303895112175504
A,paciente,0.5318559556786704,0.8654970760233918,0.3280892880293114
A,paciente,0.53601108033241,0.8654970760233918,0.3264689480443843
A,paciente,0.53601108033241,0.8713450292397661,0.3263804434242597
A,paciente,0.538781163434903,0.8713450292397661,0.3247401153387224
A,paciente,0.538781163434903,0.8742690058479532,0.3247269544357475
A,paciente,0.5470914127423823,0.8742690058479532,0.3229477882833614
A,paciente,0.5470914127423823,0.8771929824561403,0.3216387206926736
A,paciente,0.5484764542936288,0.8771929824561403,0.3206288859245164
A,paciente,0.5484764542936288,0.8801169590643275,0.3205149997063433
A,paciente,0.5650969529085873,0.8801169590643275,0.3138639408857741
A,paciente,0.5650969529085873,0.8830409356725146,0.3136311263636475
A,paciente,0.5678670360110804,0.8830409356725146,0.3129601685436846
A,paciente,0.5678670360110804,0.8859649122807017,0.3124920170908583
A,paciente,0.5692520775623269,0.8859649122807017,0.3114506605598838
A,paciente,0.5692520775623269,0.8888888888888888,0.3110457018499956
A,paciente,0.5706371191135734,0.8888888888888888,0.3107845435274733
A,paciente,0.5706371191135734,0.8947368421052632,0.3068891657801483
A,paciente,0.5720221606648199,0.8947368421052632,0.3066168821181917
A,paciente,0.5720221606648199,0.9005847953216374,0.3056289007498022
A,paciente,0.574792243767313,0.9005847953216374,0.3048110588113225
A,paciente,0.574792243767313,0.9035087719298246,0.3042874788184673
A,paciente,0.5872576177285319,0.9035087719298246,0.2958367098329928
A,paciente,0.5872576177285319,0.9064327485380117,0.2955090735514015
A,paciente,0.590027700831025,0.9064327485380117,0.2947775706688027
A,paciente,0.590027700831025,0.9093567251461988,0.2945709447765108
A,paciente,0.6177285318559557,0.9093567251461988,0.2784802586859878
A,paciente,0.6177285318559557,0.9122807017543859,0.2769674887557058
A,paciente,0.6232686980609419,0.9122807017543859,0.2744941861946919
A,paciente,0.6232686980609419,0.9152046783625731,0.273984973807699
A,paciente,0.6454293628808865,0.9152046783625731,0.2635796456632802
A,paciente,0.6454293628808865,0.9181286549707602,0.26352420240914
A,paciente,0.6565096952908587,0.9181286549707602,0.261141353472641
A,paciente,0.6565096952908587,0.9210526315789473,0.2605257262320835
A,paciente,0.6606648199445984,0.9210526315789473,0.2583582029248618
A,paciente,0.6606648199445984,0.9239766081871345,0.2564571593848745
A,paciente,0.6634349030470914,0.9239766081871345,0.2563297254750779
A,paciente,0.6634349030470914,0.9269005847953217,0.2557673965774649
A,paciente,0.6731301939058172,0.9269005847953217,0.2502924654880792
A,paciente,0.6731301939058172,0.9298245614035088,0.2488752954552324
A,paciente,0.685595567867036,0.9298245614035088,0.2426100140712477
A,paciente,0.685595567867036,0.9327485380116959,0.242500945318717
A,paciente,0.6883656509695291,0.9327485380116959,0.24154585037825
A,paciente,0.6883656509695291,0.935672514619883,0.2400970687308793
A,paciente,0.7022160664819944,0.935672514619883,0.2319061483869536
A,paciente,0.7022160664819944,0.9415204678362573,0.2307229339768701
A,paciente,0.7285318559556787,0.9415204678362573,0.2161671230834714
A,paciente,0.7285318559556787,0.9444444444444444,0.2153337761043328
A,paciente,0.7825484764542936,0.9444444444444444,0.184416657479024
A,paciente,0.7825484764542936,0.9473684210526315,0.1837276752640199
A,paciente,0.7894736842105263,0.9473684210526315,0.1787582839812878
A,paciente,0.7894736842105263,0.9502923976608187,0.1782738436947815
A,paciente,0.7991689750692521,0.9502923976608187,0.1724461340468893
A,paciente,0.7991689750692521,0.9532163742690059,0.171650698412823
A,paciente,0.8047091412742382,0.9532163742690059,0.1691954792584329
A,paciente,0.8047091412742382,0.956140350877193,0.1676244739303495
A,paciente,0.8116343490304709,0.956140350877193,0.1584816740306931
A,paciente,0.8116343490304709,0.9590643274853801,0.1577572892783209
A,paciente,0.8268698060941828,0.9590643274853801,0.1521279296431892
A,paciente,0.8268698060941828,0.9619883040935673,0.15166784127249
A,paciente,0.8365650969529086,0.9619883040935673,0.1453628612434931
A,paciente,0.8365650969529086,0.9649122807017544,0.1439346258211046
A,paciente,0.8850415512465374,0.9649122807017544,0.1132346949798456
A,paciente,0.8850415512465374,0.9678362573099415,0.1127282627015149
A,paciente,0.8961218836565097,0.9678362573099415,0.105642366100233
A,paciente,0.8961218836565097,0.9707602339181286,0.1052189978367093
A,paciente,0.9030470914127424,0.9707602339181286,0.1001982752684489
A,paciente,0.9030470914127424,0.9736842105263158,0.1001663357368707
A,paciente,0.9155124653739612,0.9736842105263158,0.095461077901449
A,paciente,0.9155124653739612,0.9766081871345029,0.0951820059663869
A,paciente,0.9265927977839336,0.9766081871345029,0.0839849987703701
A,paciente,0.9265927977839336,0.97953216374269,0.0831442459859493
A,paciente,0.9307479224376731,0.97953216374269,0.0798663655804325
A,paciente,0.9307479224376731,0.9853801169590644,0.0782381361015525
A,paciente,0.9570637119113573,0.9853801169590644,0.0633510058896731
A,paciente,0.9570637119113573,0.9883040935672515,0.0631993391547478
A,paciente,0.9681440443213296,0.9883040935672515,0.0577734199412179
A,paciente,0.9681440443213296,0.9912280701754386,0.0536975670927275
A,paciente,0.9806094182825484,0.9912280701754386,0.040278023841805
A,paciente,0.9806094182825484,0.9941520467836257,0.0382795492938242
A,paciente,0.9930747922437673,0.9941520467836257,0.0248343432494716
A,paciente,0.9930747922437673,1.0,0.022633962384939
A,paciente,1.0,1.0,0.0087735775226657
B,imagem,0.0,0.0,inf
B,imagem,0.0,0.0016474464579901153,0.9963715613472997
B,imagem,0.0,0.03459637561779242,0.9631289666972036
B,imagem,0.0007886435331230284,0.03459637561779242,0.9619771258148612
B,imagem,0.0007886435331230284,0.039538714991762765,0.9604587802626527
B,imagem,0.002365930599369085,0.039538714991762765,0.9574047231682898
B,imagem,0.002365930599369085,0.042833607907743,0.9564179933678192
B,imagem,0.0031545741324921135,0.042833607907743,0.9554200813831284
B,imagem,0.0031545741324921135,0.054365733113673806,0.9485684013188532
B,imagem,0.003943217665615142,0.054365733113673806,0.9482561825924136
B,imagem,0.003943217665615142,0.06260296540362438,0.9435921011438712
B,imagem,0.005520504731861199,0.06260296540362438,0.941587091736694
B,imagem,0.005520504731861199,0.07742998352553541,0.934659356493841
B,imagem,0.006309148264984227,0.07742998352553541,0.9319242958688868
B,imagem,0.006309148264984227,0.08237232289950576,0.9291918461309976
B,imagem,0.007097791798107256,0.08237232289950576,0.9287241702183512
B,imagem,0.007097791798107256,0.08401976935749589,0.9279546089203242
B,imagem,0.007886435331230283,0.08401976935749589,0.9256666949906102
B,imagem,0.007886435331230283,0.09060955518945635,0.9238793333328568
B,imagem,0.008675078864353312,0.09060955518945635,0.9228966689968866
B,imagem,0.008675078864353312,0.10378912685337727,0.9170995477683376
B,imagem,0.00946372239747634,0.10378912685337727,0.9150273168273052
B,imagem,0.00946372239747634,0.1070840197693575,0.9135564763983968
B,imagem,0.01025236593059937,0.1070840197693575,0.9107493255734588
B,imagem,0.01025236593059937,0.11202635914332784,0.9096653124172268
B,imagem,0.011829652996845425,0.11202635914332784,0.905382500332592
B,imagem,0.011829652996845425,0.1186161449752883,0.9012145474352375
B,imagem,0.012618296529968454,0.1186161449752883,0.9011371113882168
B,imagem,0.012618296529968454,0.12685337726523888,0.898743164883295
B,imagem,0.013406940063091483,0.12685337726523888,0.8983232301324007
B,imagem,0.013406940063091483,0.13344316309719934,0.8916839702265072
B,imagem,0.015772870662460567,0.13344316309719934,0.8910325547560923
B,imagem,0.015772870662460567,0.13673805601317957,0.8891447908100483
B,imagem,0.017350157728706624,0.13673805601317957,0.8883058831435092
B,imagem,0.017350157728706624,0.14497528830313014,0.8812121104845239
B,imagem,0.018138801261829655,0.14497528830313014,0.880587843700093
B,imagem,0.018138801261829655,0.14991762767710048,0.8757418984367394
B,imagem,0.01892744479495268,0.14991762767710048,0.8751724822499999
B,imagem,0.01892744479495268,0.15815485996705106,0.8710910275432515
B,imagem,0.01971608832807571,0.15815485996705106,0.8707522517479092
B,imagem,0.01971608832807571,0.15980230642504117,0.8702518227597942
B,imagem,0.02050473186119874,0.15980230642504117,0.869821982357804
B,imagem,0.02050473186119874,0.16474464579901152,0.868365131827623
B,imagem,0.022082018927444796,0.16474464579901152,0.868089086313916
B,imagem,0.022082018927444796,0.1828665568369028,0.8590282583016009
B,imagem,0.022870662460567823,0.1828665568369028,0.8575793841631655
B,imagem,0.022870662460567823,0.19110378912685339,0.851455495260838
B,imagem,0.02365930599369085,0.19110378912685339,0.8497252473600257
B,imagem,0.02365930599369085,0.19769357495881384,0.8456646738627037
B,imagem,0.026025236593059938,0.19769357495881384,0.843445045106434
B,imagem,0.026025236593059938,0.19934102141680396,0.8432321658075508
B,imagem,0.027602523659305992,0.19934102141680396,0.8418765929596299
B,imagem,0.027602523659305992,0.20922570016474465,0.8392647215136128
B,imagem,0.02917981072555205,0.20922570016474465,0.8378627881589661
B,imagem,0.02917981072555205,0.21252059308072488,0.8376976689271146
B,imagem,0.02996845425867508,0.21252059308072488,0.8374432803708779
B,imagem,0.02996845425867508,0.22240527182866557,0.8351492770873269
B,imagem,0.030757097791798107,0.22240527182866557,0.832801757982837
B,imagem,0.030757097791798107,0.22899505766062603,0.8320895533497096
B,imagem,0.032334384858044164,0.22899505766062603,0.8286333778297146
B,imagem,0.032334384858044164,0.23064250411861614,0.8281263924730015
B,imagem,0.03391167192429022,0.23064250411861614,0.8266752035156218
B,imagem,0.03391167192429022,0.23228995057660626,0.8243358049127704
B,imagem,0.03470031545741325,0.23228995057660626,0.8242045113198039
B,imagem,0.03470031545741325,0.23393739703459637,0.8233356963619236
B,imagem,0.03548895899053628,0.23393739703459637,0.8220780556867555
B,imagem,0.03548895899053628,0.24546952224052718,0.8180531433328696
B,imagem,0.03627760252365931,0.24546952224052718,0.8176189639641508
B,imagem,0.03627760252365931,0.2487644151565074,0.8171524236288111
B,imagem,0.03706624605678233,0.2487644151565074,0.8164593207345936
B,imagem,0.03706624605678233,0.26194398682042835,0.8135805518816336
B,imagem,0.038643533123028394,0.26194398682042835,0.8133146083043304
B,imagem,0.038643533123028394,0.26688632619439867,0.8121214843200721
B,imagem,0.03943217665615142,0.26688632619439867,0.8111348446890913
B,imagem,0.03943217665615142,0.27347611202635913,0.8101140713462434
B,imagem,0.04022082018927445,0.27347611202635913,0.8075323320783537
B,imagem,0.04022082018927445,0.2751235584843493,0.8075118243502749
B,imagem,0.04100946372239748,0.2751235584843493,0.8067615595093555
B,imagem,0.04100946372239748,0.2800658978583196,0.800632250943455
B,imagem,0.04258675078864353,0.2800658978583196,0.7992961141293037
B,imagem,0.04258675078864353,0.28500823723228996,0.7981546106251941
B,imagem,0.044952681388012616,0.28500823723228996,0.7942063420118427
B,imagem,0.044952681388012616,0.2883031301482702,0.7933478414993882
B,imagem,0.04574132492113565,0.2883031301482702,0.7922797736867042
B,imagem,0.04574132492113565,0.2899505766062603,0.7917418424094702
B,imagem,0.04810725552050473,0.2899505766062603,0.7907716376029923
B,imagem,0.04810725552050473,0.3031301482701812,0.7791725689641997
B,imagem,0.04968454258675079,0.3031301482701812,0.777375106722981
B,imagem,0.04968454258675079,0.30477759472817134,0.7772828606513783
B,imagem,0.050473186119873815,0.30477759472817134,0.7772510316736033
B,imagem,0.050473186119873815,0.3212520593080725,0.7715475899199037
B,imagem,0.051261829652996846,0.3212520593080725,0.7710082709773207
B,imagem,0.051261829652996846,0.3228995057660626,0.7704093708584521
B,imagem,0.052050473186119876,0.3228995057660626,0.7699806772677626
B,imagem,0.052050473186119876,0.3245469522240527,0.7692178745366356
B,imagem,0.0528391167192429,0.3245469522240527,0.7682166254323699
B,imagem,0.0528391167192429,0.3261943986820428,0.7679651915618348
B,imagem,0.05362776025236593,0.3261943986820428,0.7679340787460747
B,imagem,0.05362776025236593,0.32784184514003295,0.7678213063333679
B,imagem,0.055993690851735015,0.32784184514003295,0.765017373373123
B,imagem,0.055993690851735015,0.3311367380560132,0.764990898557696
B,imagem,0.056782334384858045,0.3311367380560132,0.7644335108592517
B,imagem,0.056782334384858045,0.33278418451400327,0.7638839226283795
B,imagem,0.0583596214511041,0.33278418451400327,0.7621934978725701
B,imagem,0.0583596214511041,0.33607907742998355,0.7605520515066233
B,imagem,0.05914826498422713,0.33607907742998355,0.7593233189029814
B,imagem,0.05914826498422713,0.33772652388797364,0.7581045714128182
B,imagem,0.05993690851735016,0.33772652388797364,0.7578910826020312
B,imagem,0.05993690851735016,0.3393739703459638,0.7575864548490228
B,imagem,0.062302839116719244,0.3393739703459638,0.7556448078060127
B,imagem,0.062302839116719244,0.34761120263591433,0.7525504824092272
B,imagem,0.06309148264984227,0.34761120263591433,0.7524773877327778
B,imagem,0.06309148264984227,0.34925864909390447,0.7524535320358244
B,imagem,0.0638801261829653,0.34925864909390447,0.7521237201851771
B,imagem,0.0638801261829653,0.3542009884678748,0.75096483177692
B,imagem,0.06466876971608833,0.3542009884678748,0.7501320849034309
B,imagem,0.06466876971608833,0.357495881383855,0.7494710879700107
B,imagem,0.06545741324921135,0.357495881383855,0.7493632291720183
B,imagem,0.06545741324921135,0.3723228995057661,0.7428814676783225
B,imagem,0.06624605678233439,0.3723228995057661,0.7420915437246536
B,imagem,0.06624605678233439,0.3805601317957166,0.7390143787196555
B,imagem,0.06703470031545741,0.3805601317957166,0.7388841686760378
B,imagem,0.06703470031545741,0.38220757825370677,0.7386675640654026
B,imagem,0.06861198738170347,0.38220757825370677,0.7378650572474239
B,imagem,0.06861198738170347,0.38385502471169686,0.7373195580504652
B,imagem,0.0694006309148265,0.38385502471169686,0.7354108130671628
B,imagem,0.0694006309148265,0.3871499176276771,0.7324800484205802
B,imagem,0.07097791798107256,0.3871499176276771,0.7303859436247536
B,imagem,0.07097791798107256,0.3904448105436573,0.7287106088260618
B,imagem,0.07176656151419558,0.3904448105436573,0.7281495781013597
B,imagem,0.07176656151419558,0.39373970345963755,0.7278577228344434
B,imagem,0.07570977917981073,0.39373970345963755,0.7239734438941418
B,imagem,0.07570977917981073,0.3986820428336079,0.7199006180320618
B,imagem,0.07649842271293375,0.3986820428336079,0.7195337204093329
B,imagem,0.07649842271293375,0.40197693574958815,0.7189084076598615
B,imagem,0.07728706624605679,0.40197693574958815,0.7187601327649128
B,imagem,0.07728706624605679,0.4052718286655684,0.7171929549800187
B,imagem,0.07965299684542587,0.4052718286655684,0.7160434371112885
B,imagem,0.07965299684542587,0.40691927512355847,0.7151665883127414
B,imagem,0.0804416403785489,0.40691927512355847,0.7134263685778991
B,imagem,0.0804416403785489,0.4085667215815486,0.7129871980443755
B,imagem,0.08123028391167192,0.4085667215815486,0.7128943175248813
B,imagem,0.08123028391167192,0.4102141680395387,0.7116733691279373
B,imagem,0.08201892744479496,0.4102141680395387,0.7110226415451586
B,imagem,0.08201892744479496,0.41515650741350907,0.7099067575053952
B,imagem,0.08280757097791798,0.41515650741350907,0.7087334747405998
B,imagem,0.08280757097791798,0.4184514003294893,0.7082441683458148
B,imagem,0.083596214511041,0.4184514003294893,0.7058465074648093
B,imagem,0.083596214511041,0.4200988467874794,0.7049534003455471
B,imagem,0.08438485804416404,0.4200988467874794,0.7045661104980566
B,imagem,0.08438485804416404,0.42833607907743,0.7021402676670224
B,imagem,0.08753943217665615,0.42833607907743,0.700014923302259
B,imagem,0.08753943217665615,0.43492586490939045,0.6976781762873048
B,imagem,0.08990536277602523,0.43492586490939045,0.6957770587574656
B,imagem,0.08990536277602523,0.43657331136738053,0.6953129881113607
B,imagem,0.0914826498422713,0.43657331136738053,0.693080791176549
B,imagem,0.0914826498422713,0.43986820428336076,0.6924831828009284
B,imagem,0.09227129337539432,0.43986820428336076,0.6921235023498185
B,imagem,0.09227129337539432,0.443163097199341,0.6915005934980976
B,imagem,0.0946372239747634,0.443163097199341,0.689844942436995
B,imagem,0.0946372239747634,0.44481054365733114,0.6896802426955585
B,imagem,0.09621451104100946,0.44481054365733114,0.6880741542230382
B,imagem,0.09621451104100946,0.4497528830313015,0.6866404979050715
B,imagem,0.09700315457413249,0.4497528830313015,0.6862997078234734
B,imagem,0.09700315457413249,0.4514003294892916,0.6860495781378875
B,imagem,0.09779179810725552,0.4514003294892916,0.6855704694683592
B,imagem,0.09779179810725552,0.45304777594728174,0.684900253780287
B,imagem,0.09858044164037855,0.45304777594728174,0.6830034455530785
B,imagem,0.09858044164037855,0.45634266886326197,0.6814602124793626
B,imagem,0.10094637223974763,0.45634266886326197,0.6792210359991915
B,imagem,0.10094637223974763,0.45799011532125206,0.678724781085888
B,imagem,0.10331230283911672,0.45799011532125206,0.6743057796627414
B,imagem,0.10331230283911672,0.4612850082372323,0.6714586030846317
B,imagem,0.10410094637223975,0.4612850082372323,0.6709293883084879
B,imagem,0.10410094637223975,0.46293245469522243,0.6706809178424376
B,imagem,0.10488958990536278,0.46293245469522243,0.6699494311199007
B,imagem,0.10488958990536278,0.4645799011532125,0.6696207022453253
B,imagem,0.1056782334384858,0.4645799011532125,0.6693914630228667
B,imagem,0.1056782334384858,0.46622734761120266,0.6687665390984485
B,imagem,0.10646687697160884,0.46622734761120266,0.6686345929110851
B,imagem,0.10646687697160884,0.471169686985173,0.6663187617352877
B,imagem,0.10725552050473186,0.471169686985173,0.6660867390192232
B,imagem,0.10725552050473186,0.4744645799011532,0.6659015335881199
B,imagem,0.10883280757097792,0.4744645799011532,0.6652897698415323
B,imagem,0.10883280757097792,0.47775947281713343,0.6647586272381961
B,imagem,0.11041009463722397,0.47775947281713343,0.663642689552072
B,imagem,0.11041009463722397,0.4794069192751236,0.6636024689162869
B,imagem,0.111198738170347,0.4794069192751236,0.6635288356894243
B,imagem,0.111198738170347,0.4827018121911038,0.6629177697840685
B,imagem,0.11198738170347003,0.4827018121911038,0.6621705796803611
B,imagem,0.11198738170347003,0.48599670510708404,0.662116240918519
B,imagem,0.11435331230283911,0.48599670510708404,0.6613832057300281
B,imagem,0.11435331230283911,0.49093904448105435,0.6603200599563973
B,imagem,0.11514195583596215,0.49093904448105435,0.6601519358648107
B,imagem,0.11514195583596215,0.4942339373970346,0.659631247569463
B,imagem,0.11750788643533124,0.4942339373970346,0.6575001904797974
B,imagem,0.11750788643533124,0.4958813838550247,0.6573953207129998
B,imagem,0.12145110410094637,0.4958813838550247,0.6548238111592817
B,imagem,0.12145110410094637,0.49917627677100496,0.6545012324881393
B,imagem,0.12302839116719243,0.49917627677100496,0.654394708984612
B,imagem,0.12302839116719243,0.500823723228995,0.6540871558498927
B,imagem,0.12381703470031545,0.500823723228995,0.6539550116336242
B,imagem,0.12381703470031545,0.5024711696869851,0.6537979000136253
B,imagem,0.12460567823343849,0.5024711696869851,0.6537374942831249
B,imagem,0.12460567823343849,0.5041186161449753,0.6535452101574006
B,imagem,0.12618296529968454,0.5041186161449753,0.6527013774227184
B,imagem,0.12618296529968454,0.5074135090609555,0.651972804160507
B,imagem,0.1277602523659306,0.5074135090609555,0.6506140359415176
B,imagem,0.1277602523659306,0.5090609555189456,0.6503864191479514
B,imagem,0.12854889589905363,0.5090609555189456,0.6502899432718978
B,imagem,0.12854889589905363,0.5107084019769358,0.649878317225298
B,imagem,0.13170347003154576,0.5107084019769358,0.6483778451840793
B,imagem,0.13170347003154576,0.5123558484349259,0.6469300725997099
B,imagem,0.13485804416403785,0.5123558484349259,0.644120987370732
B,imagem,0.13485804416403785,0.514003294892916,0.6440727517738978
B,imagem,0.13801261829652997,0.514003294892916,0.642246012528487
B,imagem,0.13801261829652997,0.515650741350906,0.642068304755945
B,imagem,0.138801261829653,0.515650741350906,0.6416406052472649
B,imagem,0.138801261829653,0.5172981878088962,0.6408224110053067
B,imagem,0.14195583596214512,0.5172981878088962,0.6386678374322154
B,imagem,0.14195583596214512,0.5189456342668863,0.636281975842917
B,imagem,0.14274447949526814,0.5189456342668863,0.6356274172044247
B,imagem,0.14274447949526814,0.5222405271828665,0.6344016178542188
B,imagem,0.1474763406940063,0.5222405271828665,0.6312591203973662
B,imagem,0.1474763406940063,0.5238879736408567,0.62888784945417
B,imagem,0.14826498422712933,0.5238879736408567,0.6286585972136135
B,imagem,0.14826498422712933,0.5271828665568369,0.6272073326611199
B,imagem,0.15063091482649843,0.5271828665568369,0.6260041366452123
B,imagem,0.15063091482649843,0.528830313014827,0.6233271067647592
B,imagem,0.15141955835962145,0.528830313014827,0.6232530552724359
B,imagem,0.15141955835962145,0.5304777594728172,0.622854469747167
B,imagem,0.15220820189274448,0.5304777594728172,0.6225974992104425
B,imagem,0.15220820189274448,0.5321252059308073,0.6224314794989733
B,imagem,0.15378548895899052,0.5321252059308073,0.6212397220260518
B,imagem,0.15378548895899052,0.5354200988467874,0.6198323014731754
B,imagem,0.1553627760252366,0.5354200988467874,0.6193740404750089
B,imagem,0.1553627760252366,0.5370675453047776,0.6179823776469032
B,imagem,0.15615141955835962,0.5370675453047776,0.6173760027053246
B,imagem,0.15615141955835962,0.5403624382207578,0.6160837713852036
B,imagem,0.15694006309148265,0.5403624382207578,0.6160759914140062
B,imagem,0.15694006309148265,0.5420098846787479,0.6160655191916364
B,imagem,0.15851735015772872,0.5420098846787479,0.6155420657579052
B,imagem,0.15851735015772872,0.5436573311367381,0.6153560972355148
B,imagem,0.15930599369085174,0.5436573311367381,0.6152321028322018
B,imagem,0.15930599369085174,0.5469522240527183,0.6148997355880335
B,imagem,0.16009463722397477,0.5469522240527183,0.6142016542993681
B,imagem,0.16009463722397477,0.5485996705107083,0.6140631990775897
B,imagem,0.1608832807570978,0.5485996705107083,0.6138162622615757
B,imagem,0.1608832807570978,0.5502471169686985,0.6136173034555884
B,imagem,0.16246056782334384,0.5502471169686985,0.6131346025606157
B,imagem,0.16246056782334384,0.5518945634266886,0.6131282992117897
B,imagem,0.16482649842271294,0.5518945634266886,0.6110805537289221
B,imagem,0.16482649842271294,0.5535420098846787,0.6105513329881065
B,imagem,0.1695583596214511,0.5535420098846787,0.6079928363765801
B,imagem,0.1695583596214511,0.556836902800659,0.6066640822918437
B,imagem,0.17350157728706625,0.556836902800659,0.6052512667430217
B,imagem,0.17350157728706625,0.5584843492586491,0.60451578011154
B,imagem,0.1750788643533123,0.5584843492586491,0.603553338354181
B,imagem,0.1750788643533123,0.5601317957166392,0.6035466125465815
B,imagem,0.17586750788643532,0.5601317957166392,0.6027529531928008
B,imagem,0.17586750788643532,0.5617792421746294,0.6020173532940589
B,imagem,0.17665615141955837,0.5617792421746294,0.6018965529654039
B,imagem,0.17665615141955837,0.5683690280065898,0.6001479621067728
B,imagem,0.1774447949526814,0.5683690280065898,0.6000532689495188
B,imagem,0.1774447949526814,0.5766062602965404,0.5994559922873728
B,imagem,0.17981072555205047,0.5766062602965404,0.5978290595091849
B,imagem,0.17981072555205047,0.5782537067545305,0.5976615952852096
B,imagem,0.1805993690851735,0.5782537067545305,0.5973415545661468
B,imagem,0.1805993690851735,0.5799011532125206,0.5970303992888644
B,imagem,0.1829652996845426,0.5799011532125206,0.5957843563989949
B,imagem,0.1829652996845426,0.5815485996705108,0.5956496531426357
B,imagem,0.18454258675078863,0.5815485996705108,0.5953281461561514
B,imagem,0.18454258675078863,0.5848434925864909,0.5941234101471288
B,imagem,0.18533123028391169,0.5848434925864909,0.5926105141605951
B,imagem,0.18533123028391169,0.586490939044481,0.5925110358921755
B,imagem,0.18690851735015773,0.586490939044481,0.5911977079655327
B,imagem,0.18690851735015773,0.5897858319604613,0.5900650696748911
B,imagem,0.18769716088328076,0.5897858319604613,0.589903982696261
B,imagem,0.18769716088328076,0.5930807248764415,0.5895165901808501
B,imagem,0.1892744479495268,0.5930807248764415,0.589180656009293
B,imagem,0.1892744479495268,0.6013179571663921,0.5864504113642816
B,imagem,0.1916403785488959,0.6013179571663921,0.5857242586930093
B,imagem,0.1916403785488959,0.6029654036243822,0.5855611778631238
B,imagem,0.19242902208201892,0.6029654036243822,0.5843726849855294
B,imagem,0.19242902208201892,0.6079077429983526,0.582973138667904
B,imagem,0.19321766561514195,0.6079077429983526,0.5826923678488333
B,imagem,0.19321766561514195,0.6112026359143328,0.5819283337616478
B,imagem,0.19400630914826497,0.6112026359143328,0.5818047775066797
B,imagem,0.19400630914826497,0.6128500823723229,0.5815298216191118
B,imagem,0.19637223974763407,0.6128500823723229,0.5811128092296877
B,imagem,0.19637223974763407,0.6161449752883031,0.5793260453794219
B,imagem,0.19873817034700317,0.6161449752883031,0.5782465096042305
B,imagem,0.19873817034700317,0.6177924217462932,0.5781359245441637
B,imagem,0.20189274447949526,0.6177924217462932,0.5757949657164406
B,imagem,0.20189274447949526,0.6194398682042833,0.5753317058225573
B,imagem,0.20347003154574134,0.6194398682042833,0.5737194361304754
B,imagem,0.20347003154574134,0.6243822075782537,0.57327464126604
B,imagem,0.2082018927444795,0.6243822075782537,0.5722851585240617
B,imagem,0.2082018927444795,0.6293245469522241,0.5698430535742064
B,imagem,0.20899053627760253,0.6293245469522241,0.5690791188386215
B,imagem,0.20899053627760253,0.6309719934102141,0.5685680051833472
B,imagem,0.20977917981072555,0.6309719934102141,0.5676049179539475
B,imagem,0.20977917981072555,0.6326194398682042,0.5669174761550064
B,imagem,0.21214511041009465,0.6326194398682042,0.5663378922115034
B,imagem,0.21214511041009465,0.6342668863261944,0.5662975084831721
B,imagem,0.21529968454258674,0.6342668863261944,0.5641244971018007
B,imagem,0.21529968454258674,0.6359143327841845,0.563532786610713
B,imagem,0.21687697160883282,0.6359143327841845,0.5628531730408878
B,imagem,0.21687697160883282,0.6375617792421746,0.5624944227528983
B,imagem,0.222397476340694,0.6375617792421746,0.5594928529002787
B,imagem,0.222397476340694,0.6408566721581549,0.5590803739589988
B,imagem,0.22397476340694006,0.6408566721581549,0.5586158293858287
B,imagem,0.22397476340694006,0.6474464579901154,0.5554325655480667
B,imagem,0.22476340694006308,0.6474464579901154,0.5545716271011047
B,imagem,0.22476340694006308,0.6523887973640856,0.5527104648374195
B,imagem,0.22555205047318613,0.6523887973640856,0.5526501896653229
B,imagem,0.22555205047318613,0.6540362438220758,0.5520976237173906
B,imagem,0.22634069400630916,0.6540362438220758,0.5517035197205539
B,imagem,0.22634069400630916,0.6622734761120264,0.5480339852305431
B,imagem,0.22949526813880125,0.6622734761120264,0.546564102072121
B,imagem,0.22949526813880125,0.6655683690280065,0.5463900051008368
B,imagem,0.24053627760252366,0.6655683690280065,0.5397286496816304
B,imagem,0.24053627760252366,0.6672158154859967,0.537506188327721
B,imagem,0.24290220820189273,0.6672158154859967,0.5354672412490518
B,imagem,0.24290220820189273,0.6705107084019769,0.5346955413589679
B,imagem,0.2444794952681388,0.6705107084019769,0.5339411852632644
B,imagem,0.2444794952681388,0.6721581548599671,0.5337141464598996
B,imagem,0.24526813880126183,0.6721581548599671,0.5324343859320512
B,imagem,0.24526813880126183,0.6738056013179572,0.5322511041921404
B,imagem,0.24842271293375395,0.6738056013179572,0.5308892419308036
B,imagem,0.24842271293375395,0.6754530477759473,0.5304012614176908
B,imagem,0.25,0.6754530477759473,0.5292175215970248
B,imagem,0.25,0.6771004942339374,0.5288739096515696
B,imagem,0.25236593059936907,0.6771004942339374,0.5273075836060509
B,imagem,0.25236593059936907,0.6787479406919276,0.527001028844733
B,imagem,0.2539432176656151,0.6787479406919276,0.526546865905911
B,imagem,0.2539432176656151,0.6803953871499177,0.5262639982064765
B,imagem,0.2547318611987382,0.6803953871499177,0.5262246966718108
B,imagem,0.2547318611987382,0.6820428336079077,0.526201054874907
B,imagem,0.25630914826498424,0.6820428336079077,0.5251343376145235
B,imagem,0.25630914826498424,0.6886326194398682,0.5236630435278576
B,imagem,0.26261829652996843,0.6886326194398682,0.5207992889544342
B,imagem,0.26261829652996843,0.6902800658978583,0.5186000140479349
B,imagem,0.26498422712933756,0.6902800658978583,0.5183836331900616
B,imagem,0.26498422712933756,0.6919275123558485,0.5182157028276866
B,imagem,0.26735015772870663,0.6919275123558485,0.5172755855556522
B,imagem,0.26735015772870663,0.6935749588138386,0.5170973577158516
B,imagem,0.2705047318611987,0.6935749588138386,0.5161648716034473
B,imagem,0.2705047318611987,0.6952224052718287,0.5161436583486598
B,imagem,0.27287066246056785,0.6952224052718287,0.514305185079844
B,imagem,0.27287066246056785,0.6968698517298187,0.5140277996953195
B,imagem,0.2752365930599369,0.6968698517298187,0.5136580281846385
B,imagem,0.2752365930599369,0.700164744645799,0.5123792032699017
B,imagem,0.27602523659305994,0.700164744645799,0.5117378609505683
B,imagem,0.27602523659305994,0.7051070840197694,0.5101050637281633
B,imagem,0.278391167192429,0.7051070840197694,0.508973397282387
B,imagem,0.278391167192429,0.7067545304777595,0.5084171156725479
B,imagem,0.2823343848580442,0.7067545304777595,0.5059048629915008
B,imagem,0.2823343848580442,0.7116968698517299,0.5053596509962883
B,imagem,0.2831230283911672,0.7116968698517299,0.5044916154214745
B,imagem,0.2831230283911672,0.71334431630972,0.5041212099354782
B,imagem,0.28391167192429023,0.71334431630972,0.5037559082998518
B,imagem,0.28391167192429023,0.71499176276771,0.5036126695263348
B,imagem,0.28470031545741326,0.71499176276771,0.5031973067231502
B,imagem,0.28470031545741326,0.7166392092257001,0.5010461255652491
B,imagem,0.2862776025236593,0.7166392092257001,0.5006174497975905
B,imagem,0.2862776025236593,0.7182866556836903,0.5002397531248053
B,imagem,0.29258675078864355,0.7182866556836903,0.4964797617655655
B,imagem,0.29258675078864355,0.7199341021416804,0.4964261902904682
B,imagem,0.29337539432176657,0.7199341021416804,0.4959433626973749
B,imagem,0.29337539432176657,0.7215815485996705,0.4951237995320881
B,imagem,0.2996845425867508,0.7215815485996705,0.4924386577362041
B,imagem,0.2996845425867508,0.7232289950576606,0.4918460767757868
B,imagem,0.3028391167192429,0.7232289950576606,0.4909507060896379
B,imagem,0.3028391167192429,0.7248764415156508,0.4905706436461572
B,imagem,0.30362776025236593,0.7248764415156508,0.490419178696071
B,imagem,0.30362776025236593,0.7265238879736409,0.4902994336578605
B,imagem,0.30441640378548895,0.7265238879736409,0.4891516242467412
B,imagem,0.30441640378548895,0.729818780889621,0.4885167857975593
B,imagem,0.30914826498422715,0.729818780889621,0.4864739004080343
B,imagem,0.30914826498422715,0.7314662273476112,0.4854216351989168
B,imagem,0.3099369085173502,0.7314662273476112,0.4838513509945536
B,imagem,0.3099369085173502,0.7331136738056013,0.4826900314852786
B,imagem,0.3107255520504732,0.7331136738056013,0.4822729400869286
B,imagem,0.3107255520504732,0.7347611202635914,0.4819622586489865
B,imagem,0.31230283911671924,0.7347611202635914,0.4786344239212323
B,imagem,0.31230283911671924,0.7364085667215815,0.4778907741534882
B,imagem,0.3138801261829653,0.7364085667215815,0.4771442031555719
B,imagem,0.3138801261829653,0.7380560131795717,0.4771293025051484
B,imagem,0.32018927444794953,0.7380560131795717,0.4751049265100482
B,imagem,0.32018927444794953,0.7397034596375618,0.4739417092060985
B,imagem,0.3217665615141956,0.7397034596375618,0.4733705577138543
B,imagem,0.3217665615141956,0.742998352553542,0.4732220781731627
B,imagem,0.3257097791798107,0.742998352553542,0.4705796354309252
B,imagem,0.3257097791798107,0.7446457990115322,0.4693590166355293
B,imagem,0.3280757097791798,0.7446457990115322,0.468295558742441
B,imagem,0.3280757097791798,0.7462932454695222,0.467888484262888
B,imagem,0.32965299684542587,0.7462932454695222,0.4676425748846989
B,imagem,0.32965299684542587,0.7479406919275123,0.4675796514196875
B,imagem,0.3304416403785489,0.7479406919275123,0.4671640224539315
B,imagem,0.3304416403785489,0.7495881383855024,0.4671162690759575
B,imagem,0.3312302839116719,0.7495881383855024,0.4668405108725294
B,imagem,0.3312302839116719,0.7512355848434926,0.4663792449404869
B,imagem,0.33280757097791797,0.7512355848434926,0.4660056772748175
B,imagem,0.33280757097791797,0.7545304777594728,0.4655616050059145
B,imagem,0.3359621451104101,0.7545304777594728,0.4630111168879605
B,imagem,0.3359621451104101,0.7561779242174629,0.4630035313870336
B,imagem,0.3383280757097792,0.7561779242174629,0.4615867152460799
B,imagem,0.3383280757097792,0.7578253706754531,0.4615312488217767
B,imagem,0.3414826498422713,0.7578253706754531,0.4591418909979863
B,imagem,0.3414826498422713,0.7594728171334432,0.4584917642061086
B,imagem,0.3422712933753943,0.7594728171334432,0.4582993765211857
B,imagem,0.3422712933753943,0.7611202635914333,0.458245619035892
B,imagem,0.34542586750788645,0.7611202635914333,0.4560969193976604
B,imagem,0.34542586750788645,0.7644151565074135,0.4551344596748903
B,imagem,0.3462145110410095,0.7644151565074135,0.4541787309978193
B,imagem,0.3462145110410095,0.7660626029654036,0.4539627974571045
B,imagem,0.35252365930599366,0.7660626029654036,0.4511611464927988
B,imagem,0.35252365930599366,0.7677100494233937,0.4505365524925622
B,imagem,0.35331230283911674,0.7677100494233937,0.4505216104143887
B,imagem,0.35331230283911674,0.771004942339374,0.4488620031973869
B,imagem,0.3548895899053628,0.771004942339374,0.4481464243592646
B,imagem,0.3548895899053628,0.7726523887973641,0.4481206013321586
B,imagem,0.3580441640378549,0.7726523887973641,0.4467509332106881
B,imagem,0.3580441640378549,0.7742998352553542,0.4466728950979848
B,imagem,0.3588328075709779,0.7742998352553542,0.4464544191796034
B,imagem,0.3588328075709779,0.7759472817133443,0.4461214664034632
B,imagem,0.35962145110410093,0.7759472817133443,0.4458265647798042
B,imagem,0.35962145110410093,0.7775947281713345,0.4445335335037905
B,imagem,0.361198738170347,0.7775947281713345,0.4426445069347687
B,imagem,0.361198738170347,0.7792421746293245,0.4425345587711354
B,imagem,0.36198738170347006,0.7792421746293245,0.4419970495841679
B,imagem,0.36198738170347006,0.7808896210873146,0.4419947566292229
B,imagem,0.3635646687697161,0.7808896210873146,0.44063974635692
B,imagem,0.3635646687697161,0.7825370675453048,0.4402084054460167
B,imagem,0.3659305993690852,0.7825370675453048,0.4386847284901913
B,imagem,0.3659305993690852,0.7841845140032949,0.4383229156018106
B,imagem,0.3675078864353312,0.7841845140032949,0.4379068439028285
B,imagem,0.3675078864353312,0.785831960461285,0.4373201908861751
B,imagem,0.3714511041009464,0.785831960461285,0.4337874256134255
B,imagem,0.3714511041009464,0.7924217462932455,0.4325207244955616
B,imagem,0.3722397476340694,0.7924217462932455,0.4323369269348463
B,imagem,0.3722397476340694,0.7940691927512356,0.4314426339132405
B,imagem,0.37381703470031546,0.7940691927512356,0.4302204305153123
B,imagem,0.37381703470031546,0.7957166392092258,0.430035092938729
B,imagem,0.37618296529968454,0.7957166392092258,0.4283492179017714
B,imagem,0.37618296529968454,0.7973640856672158,0.4283077326614189
B,imagem,0.37697160883280756,0.7973640856672158,0.4275486047876604
B,imagem,0.37697160883280756,0.7990115321252059,0.4273864987004231
B,imagem,0.3824921135646688,0.7990115321252059,0.4230016667099671
B,imagem,0.3824921135646688,0.800658978583196,0.4225524560342315
B,imagem,0.3832807570977918,0.800658978583196,0.422197281713722
B,imagem,0.3832807570977918,0.8023064250411862,0.4221813502320044
B,imagem,0.39589905362776023,0.8023064250411862,0.4176028256862486
B,imagem,0.39589905362776023,0.8039538714991763,0.4172052176300304
B,imagem,0.3990536277602524,0.8039538714991763,0.4153627254691577
B,imagem,0.3990536277602524,0.8056013179571664,0.4152467889673059
B,imagem,0.40063091482649843,0.8056013179571664,0.415007001425987
B,imagem,0.40063091482649843,0.8072487644151565,0.415005984161667
B,imagem,0.4022082018927445,0.8072487644151565,0.41424031142549
B,imagem,0.4022082018927445,0.8105436573311368,0.4130198645892032
B,imagem,0.4069400630914827,0.8105436573311368,0.4087049589121629
B,imagem,0.4069400630914827,0.8121911037891268,0.4084685999009745
B,imagem,0.4108832807570978,0.8121911037891268,0.405464071400437
B,imagem,0.4108832807570978,0.8138385502471169,0.4051765454485006
B,imagem,0.41324921135646686,0.8138385502471169,0.4043999836823032
B,imagem,0.41324921135646686,0.8171334431630972,0.403856847805609
B,imagem,0.416403785488959,0.8171334431630972,0.4031717249193852
B,imagem,0.416403785488959,0.8187808896210873,0.4031096567591918
B,imagem,0.4250788643533123,0.8187808896210873,0.3988579674618935
B,imagem,0.4250788643533123,0.8204283360790774,0.3986011296010699
B,imagem,0.43217665615141954,0.8204283360790774,0.3944844279268256
B,imagem,0.43217665615141954,0.8220757825370676,0.3944308306593186
B,imagem,0.4361198738170347,0.8220757825370676,0.3910547363238433
B,imagem,0.4361198738170347,0.8237232289950577,0.3906825392028744
B,imagem,0.43769716088328076,0.8237232289950577,0.3904885436776253
B,imagem,0.43769716088328076,0.8270181219110379,0.3903103411235077
B,imagem,0.443217665615142,0.8270181219110379,0.3866093535264526
B,imagem,0.443217665615142,0.828665568369028,0.3858824357867109
B,imagem,0.444006309148265,0.828665568369028,0.3855901934643359
B,imagem,0.444006309148265,0.8303130148270181,0.3851296832623336
B,imagem,0.4471608832807571,0.8303130148270181,0.3825992953632396
B,imagem,0.4471608832807571,0.8319604612850082,0.3822250675474971
B,imagem,0.4479495268138801,0.8319604612850082,0.3816362840872005
B,imagem,0.4479495268138801,0.8352553542009885,0.3814418323947357
B,imagem,0.4503154574132492,0.8352553542009885,0.3798386055529083
B,imagem,0.4503154574132492,0.8401976935749588,0.3767411330533929
B,imagem,0.4518927444794953,0.8401976935749588,0.3761720252507617
B,imagem,0.4518927444794953,0.8434925864909391,0.3754342113542691
B,imagem,0.4526813880126183,0.8434925864909391,0.3752742420340548
B,imagem,0.4526813880126183,0.8484349258649094,0.3728519067276447
B,imagem,0.45347003154574134,0.8484349258649094,0.3728409664796208
B,imagem,0.45347003154574134,0.8500823723228995,0.3723779019867507
B,imagem,0.4605678233438486,0.8500823723228995,0.3676372886052703
B,imagem,0.4605678233438486,0.8517298187808896,0.3676167091077417
B,imagem,0.46608832807570977,0.8517298187808896,0.3647139486016477
B,imagem,0.46608832807570977,0.8533772652388797,0.3643944011541465
B,imagem,0.47003154574132494,0.8533772652388797,0.363526348004752
B,imagem,0.47003154574132494,0.8550247116968699,0.3631015277237781
B,imagem,0.471608832807571,0.8550247116968699,0.3609620503585343
B,imagem,0.471608832807571,0.85667215815486,0.3605281283323999
B,imagem,0.47397476340694006,0.85667215815486,0.360071811507644
B,imagem,0.47397476340694006,0.8599670510708401,0.3593874176541203
B,imagem,0.47634069400630913,0.8599670510708401,0.3564064839734528
B,imagem,0.47634069400630913,0.8616144975288303,0.3558763686275087
B,imagem,0.48580441640378547,0.8616144975288303,0.3480119744048072
B,imagem,0.48580441640378547,0.8632619439868204,0.3467748861664911
B,imagem,0.4865930599369085,0.8632619439868204,0.3467084679320055
B,imagem,0.4865930599369085,0.8649093904448105,0.3460410999999992
B,imagem,0.4921135646687697,0.8649093904448105,0.3426644937450609
B,imagem,0.4921135646687697,0.8665568369028006,0.3418575197445845
B,imagem,0.49369085173501576,0.8665568369028006,0.3411391007372495
B,imagem,0.49369085173501576,0.8698517298187809,0.3405154140741808
B,imagem,0.49763406940063093,0.8698517298187809,0.3369556950636106
B,imagem,0.49763406940063093,0.871499176276771,0.3363900509433363
B,imagem,0.499211356466877,0.871499176276771,0.3358575332325972
B,imagem,0.499211356466877,0.8731466227347611,0.335519589107841
B,imagem,0.5031545741324921,0.8731466227347611,0.3334207827852919
B,imagem,0.5031545741324921,0.8747940691927513,0.3321524517986651
B,imagem,0.5126182965299685,0.8747940691927513,0.3274314253793564
B,imagem,0.5126182965299685,0.8764415156507414,0.3268906669791671
B,imagem,0.5173501577287066,0.8764415156507414,0.3253470372237872
B,imagem,0.5173501577287066,0.8780889621087314,0.3249755615967165
B,imagem,0.5315457413249212,0.8780889621087314,0.3150821063387244
B,imagem,0.5315457413249212,0.8797364085667215,0.3139114727409355
B,imagem,0.5331230283911672,0.8797364085667215,0.3129158529964235
B,imagem,0.5331230283911672,0.8813838550247117,0.3118679642863451
B,imagem,0.5362776025236593,0.8813838550247117,0.3110896616235826
B,imagem,0.5362776025236593,0.8830313014827018,0.3108922915421734
B,imagem,0.5425867507886435,0.8830313014827018,0.3081897070687462
B,imagem,0.5425867507886435,0.8879736408566722,0.3073541092726976
B,imagem,0.5433753943217665,0.8879736408566722,0.306924602062225
B,imagem,0.5433753943217665,0.8929159802306426,0.3054734073569251
B,imagem,0.5441640378548895,0.8929159802306426,0.3053970980003421
B,imagem,0.5441640378548895,0.8945634266886326,0.3048342753048835
B,imagem,0.5481072555205048,0.8945634266886326,0.3040071502130103
B,imagem,0.5481072555205048,0.8962108731466227,0.3032505725094618
B,imagem,0.557570977917981,0.8962108731466227,0.2974192366667282
B,imagem,0.557570977917981,0.8978583196046128,0.2964404437480633
B,imagem,0.5646687697160884,0.8978583196046128,0.2929281663708901
B,imagem,0.5646687697160884,0.899505766062603,0.2920045302259489
B,imagem,0.5757097791798107,0.899505766062603,0.2887064944651937
B,imagem,0.5757097791798107,0.9028006589785832,0.2878427865649348
B,imagem,0.5843848580441641,0.9028006589785832,0.286298132114612
B,imagem,0.5843848580441641,0.9044481054365733,0.2859902753048689
B,imagem,0.5954258675078864,0.9044481054365733,0.2818781385124043
B,imagem,0.5954258675078864,0.9060955518945635,0.2816356954918825
B,imagem,0.5985804416403786,0.9060955518945635,0.280303755628068
B,imagem,0.5985804416403786,0.9077429983525536,0.2801218134072952
B,imagem,0.6017350157728707,0.9077429983525536,0.2795324646027911
B,imagem,0.6017350157728707,0.9093904448105437,0.2792416630870746
B,imagem,0.6033123028391167,0.9093904448105437,0.2790144537649137
B,imagem,0.6033123028391167,0.9110378912685337,0.2773844335636691
B,imagem,0.6088328075709779,0.9110378912685337,0.2735863968588019
B,imagem,0.6088328075709779,0.9126853377265239,0.2733541449289058
B,imagem,0.6269716088328076,0.9126853377265239,0.2635314409714096
B,imagem,0.6269716088328076,0.9159802306425041,0.2628817952745385
B,imagem,0.636435331230284,0.9159802306425041,0.2535254734901608
B,imagem,0.636435331230284,0.9176276771004942,0.253354165204879
B,imagem,0.639589905362776,0.9176276771004942,0.2511861849621958
B,imagem,0.639589905362776,0.9192751235584844,0.2511261453395307
B,imagem,0.6466876971608833,0.9192751235584844,0.2452414115302302
B,imagem,0.6466876971608833,0.9209225700164745,0.2449738767558289
B,imagem,0.6514195583596214,0.9209225700164745,0.2431418979969369
B,imagem,0.6514195583596214,0.9225700164744646,0.2427454678345648
B,imagem,0.668769716088328,0.9225700164744646,0.2325365156420754
B,imagem,0.668769716088328,0.9242174629324547,0.2322038873045198
B,imagem,0.6861198738170347,0.9242174629324547,0.2249790664135349
B,imagem,0.6861198738170347,0.9275123558484349,0.2248447275647726
B,imagem,0.6869085173501577,0.9275123558484349,0.2245842102755146
B,imagem,0.6869085173501577,0.929159802306425,0.2243904481820187
B,imagem,0.6908517350157729,0.929159802306425,0.2205868922219641
B,imagem,0.6908517350157729,0.9308072487644151,0.2203692860086973
B,imagem,0.7105678233438486,0.9308072487644151,0.2074442961423343
B,imagem,0.7105678233438486,0.9324546952224053,0.2069307809778499
B,imagem,0.7121451104100947,0.9324546952224053,0.206513657519724
B,imagem,0.7121451104100947,0.9341021416803954,0.2062257685321702
B,imagem,0.7255520504731862,0.9341021416803954,0.1986842868153723
B,imagem,0.7255520504731862,0.9357495881383855,0.1980807395898198
B,imagem,0.7318611987381703,0.9357495881383855,0.1939115996727594
B,imagem,0.7318611987381703,0.9373970345963756,0.1929955052854367
B,imagem,0.7342271293375394,0.9373970345963756,0.1923972491598999
B,imagem,0.7342271293375394,0.9390444810543658,0.1923027381442682
B,imagem,0.7365930599369085,0.9390444810543658,0.1907311077586871
B,imagem,0.7365930599369085,0.9406919275123559,0.1907308510045656
B,imagem,0.7436908517350158,0.9406919275123559,0.1862609901059496
B,imagem,0.7436908517350158,0.943986820428336,0.185609467044728
B,imagem,0.7468454258675079,0.943986820428336,0.1846083249965874
B,imagem,0.7468454258675079,0.9456342668863262,0.1844778937676365
B,imagem,0.749211356466877,0.9456342668863262,0.1832094865516101
B,imagem,0.749211356466877,0.9472817133443163,0.1827793131610152
B,imagem,0.7523659305993691,0.9472817133443163,0.1806215968298629
B,imagem,0.7523659305993691,0.9505766062602965,0.1802888465201838
B,imagem,0.7689274447949527,0.9505766062602965,0.1694536735744786
B,imagem,0.7689274447949527,0.9522240527182867,0.1691639037707866
B,imagem,0.7831230283911672,0.9522240527182867,0.1627725914725475
B,imagem,0.7831230283911672,0.9555189456342669,0.1623568575999675
B,imagem,0.7886435331230284,0.9555189456342669,0.1604427725298969
B,imagem,0.7886435331230284,0.957166392092257,0.1601451661214085
B,imagem,0.7973186119873817,0.957166392092257,0.1543296119241794
B,imagem,0.7973186119873817,0.9588138385502472,0.1539737805076697
B,imagem,0.8012618296529969,0.9588138385502472,0.1514155095673467
B,imagem,0.8012618296529969,0.9604612850082372,0.1510705694483629
B,imagem,0.8028391167192429,0.9604612850082372,0.1507083932266953
B,imagem,0.8028391167192429,0.9621087314662273,0.1501578178166014
B,imagem,0.8123028391167192,0.9621087314662273,0.1438602073747896
B,imagem,0.8123028391167192,0.9670510708401977,0.1428747155746916
B,imagem,0.8178233438485805,0.9670510708401977,0.1395867278207153
B,imagem,0.8178233438485805,0.9703459637561779,0.139151452992429
B,imagem,0.830441640378549,0.9703459637561779,0.1333299576302304
B,imagem,0.830441640378549,0.9719934102141681,0.1333115328953439
B,imagem,0.8438485804416404,0.9719934102141681,0.1238700071886297
B,imagem,0.8438485804416404,0.9736408566721582,0.1237270785751896
B,imagem,0.861198738170347,0.9736408566721582,0.1156605311508923
B,imagem,0.861198738170347,0.9752883031301482,0.1155037069343506
B,imagem,0.8706624605678234,0.9752883031301482,0.1109949393692777
B,imagem,0.8706624605678234,0.9769357495881383,0.1108240291181715
B,imagem,0.8761829652996845,0.9769357495881383,0.1084508443770382
B,imagem,0.8761829652996845,0.9785831960461285,0.1077943192595595
B,imagem,0.8809148264984227,0.9785831960461285,0.105144871029517
B,imagem,0.8809148264984227,0.9802306425041186,0.1045693449308745
B,imagem,0.9116719242902208,0.9802306425041186,0.08488526792163
B,imagem,0.9116719242902208,0.9818780889621087,0.0848510370151377
B,imagem,0.918769716088328,0.9818780889621087,0.0807074805774672
B,imagem,0.918769716088328,0.9835255354200988,0.0805459662283375
B,imagem,0.9369085173501577,0.9835255354200988,0.0694065199773386
B,imagem,0.9369085173501577,0.985172981878089,0.0693379848057344
B,imagem,0.9384858044164038,0.985172981878089,0.0683612333732499
B,imagem,0.9384858044164038,0.9884678747940692,0.0674297098557866
B,imagem,0.9408517350157729,0.9884678747940692,0.0651198643542683
B,imagem,0.9408517350157729,0.9901153212520593,0.0642462659681206
B,imagem,0.942429022082019,0.9901153212520593,0.0608777243616511
B,imagem,0.942429022082019,0.9917627677100495,0.0595686160237721
B,imagem,0.9479495268138801,0.9917627677100495,0.0529109456344871
B,imagem,0.9479495268138801,0.9934102141680395,0.0524442112062559
B,imagem,0.9802839116719243,0.9934102141680395,0.0301342468474758
B,imagem,0.9802839116719243,0.9950576606260296,0.0298429424884685
B,imagem,0.9905362776025236,0.9950576606260296,0.022972267657031
B,imagem,0.9905362776025236,0.9967051070840197,0.0212793490579576
B,imagem,0.998422712933754,0.9967051070840197,0.0100229424115221
B,imagem,0.998422712933754,0.9983525535420099,0.0097650782607245
B,imagem,1.0,0.9983525535420099,0.0049485332469028
B,imagem,1.0,1.0,0.0012117464982208
