protocolo,unidade,fpr,tpr,limiar
A,imagem,0.0,0.0,inf
A,imagem,0.0007886435331230284,0.0,0.9999999632376256
A,imagem,0.0007886435331230284,0.011532125205930808,0.999997607951738
A,imagem,0.0015772870662460567,0.011532125205930808,0.9999964715818336
A,imagem,0.0015772870662460567,0.013179571663920923,0.9999933664672072
A,imagem,0.002365930599369085,0.013179571663920923,0.9999922103872056
A,imagem,0.002365930599369085,0.014827018121911038,0.99999003334595
A,imagem,0.0031545741324921135,0.014827018121911038,0.9999878585317004
A,imagem,0.0031545741324921135,0.02471169686985173,0.999968507259594
A,imagem,0.003943217665615142,0.02471169686985173,0.9999678258977902
A,imagem,0.003943217665615142,0.036243822075782535,0.9999455009015352
A,imagem,0.006309148264984227,0.036243822075782535,0.9999124971048744
A,imagem,0.006309148264984227,0.039538714991762765,0.9999029978827124
A,imagem,0.007097791798107256,0.039538714991762765,0.9999028366890652
A,imagem,0.007097791798107256,0.04118616144975288,0.9999007861229262
A,imagem,0.00946372239747634,0.04118616144975288,0.9998576510272852
A,imagem,0.00946372239747634,0.044481054365733116,0.9998380702077408
A,imagem,0.01025236593059937,0.044481054365733116,0.9998285212035724
A,imagem,0.01025236593059937,0.04612850082372323,0.9998253477922748
A,imagem,0.012618296529968454,0.04612850082372323,0.9998138208523596
A,imagem,0.012618296529968454,0.04942339373970346,0.9997742520751048
A,imagem,0.01498422712933754,0.04942339373970346,0.9997593783955108
A,imagem,0.01498422712933754,0.060955518945634266,0.9996057845566114
A,imagem,0.016561514195583597,0.060955518945634266,0.999600183841396
A,imagem,0.016561514195583597,0.0642504118616145,0.9995860966612494
A,imagem,0.017350157728706624,0.0642504118616145,0.9995610514992532
A,imagem,0.017350157728706624,0.06589785831960461,0.9995518400513036
A,imagem,0.01971608832807571,0.06589785831960461,0.9995146556137878
A,imagem,0.01971608832807571,0.06754530477759473,0.999512898507624
A,imagem,0.02050473186119874,0.06754530477759473,0.9995007552390652
A,imagem,0.02050473186119874,0.07084019769357495,0.9994697222518736
A,imagem,0.021293375394321766,0.07084019769357495,0.9994671617457388
A,imagem,0.021293375394321766,0.07907742998352553,0.9993780372757922
A,imagem,0.02365930599369085,0.07907742998352553,0.9993117405283382
A,imagem,0.02365930599369085,0.08237232289950576,0.9992579457454868
A,imagem,0.025236593059936908,0.08237232289950576,0.9992073066289254
A,imagem,0.025236593059936908,0.09060955518945635,0.999138968313879
A,imagem,0.026025236593059938,0.09060955518945635,0.9991344390750876
A,imagem,0.026025236593059938,0.09390444810543658,0.9990672942799764
A,imagem,0.027602523659305992,0.09390444810543658,0.9990245065275434
A,imagem,0.027602523659305992,0.09555189456342669,0.9989760045719384
A,imagem,0.028391167192429023,0.09555189456342669,0.9989521926444966
A,imagem,0.028391167192429023,0.10049423393739704,0.9988944468185408
A,imagem,0.02917981072555205,0.10049423393739704,0.998876852910786
A,imagem,0.02917981072555205,0.10873146622734761,0.9986645813211312
A,imagem,0.03391167192429022,0.10873146622734761,0.998189770001585
A,imagem,0.03391167192429022,0.11202635914332784,0.9981630058373694
A,imagem,0.03706624605678233,0.11202635914332784,0.998112534399144
A,imagem,0.03706624605678233,0.11696869851729819,0.9979997169452176
A,imagem,0.03785488958990536,0.11696869851729819,0.9978915750887092
A,imagem,0.03785488958990536,0.1186161449752883,0.9978665840662124
A,imagem,0.038643533123028394,0.1186161449752883,0.9978086782776502
A,imagem,0.038643533123028394,0.12191103789126853,0.9977254122379956
A,imagem,0.03943217665615142,0.12191103789126853,0.9977062003665274
A,imagem,0.03943217665615142,0.12685337726523888,0.9975473337693916
A,imagem,0.04100946372239748,0.12685337726523888,0.9973549854197884
A,imagem,0.04100946372239748,0.128500823723229,0.9973222822848036
A,imagem,0.0417981072555205,0.128500823723229,0.9971584931968812
A,imagem,0.0417981072555205,0.1301482701812191,0.997156257140456
A,imagem,0.04258675078864353,0.1301482701812191,0.997143244466897
A,imagem,0.04258675078864353,0.13179571663920922,0.9971071642495872
A,imagem,0.044952681388012616,0.13179571663920922,0.9968467286890718
A,imagem,0.044952681388012616,0.13344316309719934,0.9968115260953088
A,imagem,0.04574132492113565,0.13344316309719934,0.996652509572398
A,imagem,0.04574132492113565,0.13509060955518945,0.9965901454899282
A,imagem,0.0473186119873817,0.13509060955518945,0.9963055087956332
A,imagem,0.0473186119873817,0.1400329489291598,0.996116212087488
A,imagem,0.04810725552050473,0.1400329489291598,0.996056893206012
A,imagem,0.04810725552050473,0.1416803953871499,0.9960268559390868
A,imagem,0.050473186119873815,0.1416803953871499,0.9957741801638916
A,imagem,0.050473186119873815,0.14827018121911037,0.9954651842389972
A,imagem,0.052050473186119876,0.14827018121911037,0.9950356107301932
A,imagem,0.052050473186119876,0.14991762767710048,0.995016694080986
A,imagem,0.0528391167192429,0.14991762767710048,0.9949381605923422
A,imagem,0.0528391167192429,0.1515650741350906,0.9949204943309812
A,imagem,0.05362776025236593,0.1515650741350906,0.994907461918224
A,imagem,0.05362776025236593,0.1630971993410214,0.9942268974376692
A,imagem,0.0583596214511041,0.1630971993410214,0.9938698420896576
A,imagem,0.0583596214511041,0.17298187808896212,0.9936171699713878
A,imagem,0.05914826498422713,0.17298187808896212,0.9935978271599618
A,imagem,0.05914826498422713,0.1828665568369028,0.993231235495494
A,imagem,0.062302839116719244,0.1828665568369028,0.9927019843323936
A,imagem,0.062302839116719244,0.18945634266886327,0.9924374830019982
A,imagem,0.06309148264984227,0.18945634266886327,0.99223068502311
A,imagem,0.06309148264984227,0.19110378912685339,0.9921653986520484
A,imagem,0.0638801261829653,0.19110378912685339,0.9921017443655296
A,imagem,0.0638801261829653,0.1927512355848435,0.9920006592883056
A,imagem,0.06624605678233439,0.1927512355848435,0.9916945501193634
A,imagem,0.06624605678233439,0.19439868204283361,0.99166536076778
A,imagem,0.06703470031545741,0.19439868204283361,0.9914519340236952
A,imagem,0.06703470031545741,0.19769357495881384,0.9909536289330666
A,imagem,0.06782334384858044,0.19769357495881384,0.9909164060578024
A,imagem,0.06782334384858044,0.20098846787479407,0.9906435239103836
A,imagem,0.06861198738170347,0.20098846787479407,0.9905963845460404
A,imagem,0.06861198738170347,0.20757825370675453,0.9900989398515426
A,imagem,0.0694006309148265,0.20757825370675453,0.98962069072933
A,imagem,0.0694006309148265,0.21252059308072488,0.9891247860667872
A,imagem,0.07097791798107256,0.21252059308072488,0.988985709232722
A,imagem,0.07097791798107256,0.2158154859967051,0.9887715102479516
A,imagem,0.07176656151419558,0.2158154859967051,0.9887220137515172
A,imagem,0.07176656151419558,0.21911037891268534,0.9886001460969324
A,imagem,0.07255520504731862,0.21911037891268534,0.9885912844379784
A,imagem,0.07255520504731862,0.22075782537067545,0.9881978649398862
A,imagem,0.0749211356466877,0.22075782537067545,0.9877951269682008
A,imagem,0.0749211356466877,0.22240527182866557,0.9877359141743922
A,imagem,0.07570977917981073,0.22240527182866557,0.987361330341942
A,imagem,0.07570977917981073,0.2257001647446458,0.987310325933302
A,imagem,0.07807570977917981,0.2257001647446458,0.9865913617535736
A,imagem,0.07807570977917981,0.22899505766062603,0.9857732809180296
A,imagem,0.0804416403785489,0.22899505766062603,0.985350858277932
A,imagem,0.0804416403785489,0.2355848434925865,0.9848832769323864
A,imagem,0.08201892744479496,0.2355848434925865,0.984369447136154
A,imagem,0.08201892744479496,0.2372322899505766,0.98436668125549
A,imagem,0.08280757097791798,0.2372322899505766,0.9843248410087536
A,imagem,0.08280757097791798,0.23887973640856672,0.9842380419537432
A,imagem,0.08438485804416404,0.23887973640856672,0.9839545856535342
A,imagem,0.08438485804416404,0.24052718286655683,0.9838096517608234
A,imagem,0.08517350157728706,0.24052718286655683,0.9836592501742424
A,imagem,0.08517350157728706,0.24217462932454695,0.9832514517622416
A,imagem,0.0859621451104101,0.24217462932454695,0.9830221258400748
A,imagem,0.0859621451104101,0.2471169686985173,0.981537651759308
A,imagem,0.08832807570977919,0.2471169686985173,0.9803980674306068
A,imagem,0.08832807570977919,0.2602965403624382,0.9782681370495252
A,imagem,0.08911671924290221,0.2602965403624382,0.9779361106142712
A,imagem,0.08911671924290221,0.26359143327841844,0.977093416636702
A,imagem,0.09069400630914827,0.26359143327841844,0.976745560790222
A,imagem,0.09069400630914827,0.2652388797364086,0.9763265504725478
A,imagem,0.0914826498422713,0.2652388797364086,0.9760715854266602
A,imagem,0.0914826498422713,0.2685337726523888,0.9754482363385042
A,imagem,0.09384858044164038,0.2685337726523888,0.9749880232441294
A,imagem,0.09384858044164038,0.27347611202635913,0.9735964514219412
A,imagem,0.0946372239747634,0.27347611202635913,0.9731220739867528
A,imagem,0.0946372239747634,0.27677100494233936,0.97248837460473
A,imagem,0.09542586750788644,0.27677100494233936,0.9723554229952116
A,imagem,0.09542586750788644,0.2784184514003295,0.971956394691618
A,imagem,0.09621451104100946,0.2784184514003295,0.9719338225964124
A,imagem,0.09621451104100946,0.2800658978583196,0.97143467935464
A,imagem,0.09700315457413249,0.2800658978583196,0.9712311947311808
A,imagem,0.09700315457413249,0.28665568369028005,0.96987622604558
A,imagem,0.09858044164037855,0.28665568369028005,0.9698085155922588
A,imagem,0.09858044164037855,0.2883031301482702,0.9697903943178208
A,imagem,0.09936908517350158,0.2883031301482702,0.9696830480884796
A,imagem,0.09936908517350158,0.2915980230642504,0.9693377906237282
A,imagem,0.10015772870662461,0.2915980230642504,0.9688480289664992
A,imagem,0.10015772870662461,0.2932454695222405,0.96884586677666
A,imagem,0.10094637223974763,0.2932454695222405,0.9688248669538282
A,imagem,0.10094637223974763,0.29654036243822074,0.9684681412259036
A,imagem,0.10252365930599369,0.29654036243822074,0.9680235851280836
A,imagem,0.10252365930599369,0.2981878088962109,0.9668541795416884
A,imagem,0.10331230283911672,0.2981878088962109,0.9665730811824098
A,imagem,0.10331230283911672,0.30477759472817134,0.9643496422585888
A,imagem,0.1056782334384858,0.30477759472817134,0.9633762567489152
A,imagem,0.1056782334384858,0.3113673805601318,0.9598798206493622
A,imagem,0.10804416403785488,0.3113673805601318,0.9593057015395094
A,imagem,0.10804416403785488,0.31466227347611203,0.9589156834826432
A,imagem,0.10883280757097792,0.31466227347611203,0.9588127307597366
A,imagem,0.10883280757097792,0.3212520593080725,0.9581141520246954
A,imagem,0.11198738170347003,0.3212520593080725,0.9562950627883816
A,imagem,0.11198738170347003,0.3228995057660626,0.9555261019901328
A,imagem,0.11356466876971609,0.3228995057660626,0.9550833387798192
A,imagem,0.11356466876971609,0.3245469522240527,0.9549241224766551
A,imagem,0.11514195583596215,0.3245469522240527,0.9531236218638984
A,imagem,0.11514195583596215,0.3261943986820428,0.9529890393538756
A,imagem,0.11593059936908517,0.3261943986820428,0.9519828650855392
A,imagem,0.11593059936908517,0.32948929159802304,0.9513253324140856
A,imagem,0.1167192429022082,0.32948929159802304,0.9508544868677464
A,imagem,0.1167192429022082,0.3311367380560132,0.9505332428406756
A,imagem,0.11750788643533124,0.3311367380560132,0.950310170193248
A,imagem,0.11750788643533124,0.33607907742998355,0.9486931003795052
A,imagem,0.11908517350157728,0.33607907742998355,0.9480286922773424
A,imagem,0.11908517350157728,0.3393739703459638,0.9458551869442106
A,imagem,0.12145110410094637,0.3393739703459638,0.944860822411314
A,imagem,0.12145110410094637,0.34102141680395387,0.9448356754854116
A,imagem,0.1222397476340694,0.34102141680395387,0.944792231766113
A,imagem,0.1222397476340694,0.342668863261944,0.9429275867460798
A,imagem,0.12302839116719243,0.342668863261944,0.9415840841458208
A,imagem,0.12302839116719243,0.3443163097199341,0.9409826521909038
A,imagem,0.1253943217665615,0.3443163097199341,0.9397163634614508
A,imagem,0.1253943217665615,0.34761120263591433,0.9379481660779776
A,imagem,0.12618296529968454,0.34761120263591433,0.9378969049220404
A,imagem,0.12618296529968454,0.34925864909390447,0.9378817364950696
A,imagem,0.1277602523659306,0.34925864909390447,0.935553125930598
A,imagem,0.1277602523659306,0.3542009884678748,0.93503232285556
A,imagem,0.12933753943217666,0.3542009884678748,0.9340550437900552
A,imagem,0.12933753943217666,0.35914332784184516,0.93245465092805
A,imagem,0.13012618296529968,0.35914332784184516,0.9323123605559748
A,imagem,0.13012618296529968,0.3640856672158155,0.931019974204798
A,imagem,0.1309148264984227,0.3640856672158155,0.9304897673334304
A,imagem,0.1309148264984227,0.3673805601317957,0.9295699757761668
A,imagem,0.1332807570977918,0.3673805601317957,0.9275911779447852
A,imagem,0.1332807570977918,0.36902800658978585,0.9273353759168844
A,imagem,0.13564668769716087,0.36902800658978585,0.9259523766292792
A,imagem,0.13564668769716087,0.3723228995057661,0.925743315700758
A,imagem,0.13643533123028392,0.3723228995057661,0.925360784529748
A,imagem,0.13643533123028392,0.37397034596375617,0.9249518611841566
A,imagem,0.13722397476340695,0.37397034596375617,0.9246312885091648
A,imagem,0.13722397476340695,0.37891268533772654,0.9213657709541062
A,imagem,0.13958990536277602,0.37891268533772654,0.9210502142417564
A,imagem,0.13958990536277602,0.38385502471169686,0.9200217224001876
A,imagem,0.1411671924290221,0.38385502471169686,0.917757463784973
A,imagem,0.1411671924290221,0.385502471169687,0.9168358625549584
A,imagem,0.14195583596214512,0.385502471169687,0.9164700286713304
A,imagem,0.14195583596214512,0.3904448105436573,0.9141922688598744
A,imagem,0.1443217665615142,0.3904448105436573,0.9122587444773236
A,imagem,0.1443217665615142,0.39209225700164746,0.9121612444003006
A,imagem,0.14511041009463724,0.39209225700164746,0.9117037964560192
A,imagem,0.14511041009463724,0.39373970345963755,0.9107646568647308
A,imagem,0.14589905362776026,0.39373970345963755,0.9103816648830272
A,imagem,0.14589905362776026,0.3986820428336079,0.9074965177092214
A,imagem,0.14826498422712933,0.3986820428336079,0.90677870600818
A,imagem,0.14826498422712933,0.400329489291598,0.905361341133048
A,imagem,0.14905362776025236,0.400329489291598,0.9049361818325468
A,imagem,0.14905362776025236,0.40197693574958815,0.9019762504775632
A,imagem,0.1498422712933754,0.40197693574958815,0.900888228790774
A,imagem,0.1498422712933754,0.40691927512355847,0.8991280515847381
A,imagem,0.15378548895899052,0.40691927512355847,0.8962538641723078
A,imagem,0.15378548895899052,0.4085667215815486,0.8954385353718058
A,imagem,0.15615141955835962,0.4085667215815486,0.8932455214180756
A,imagem,0.15615141955835962,0.41186161449752884,0.8907298993531494
A,imagem,0.1608832807570978,0.41186161449752884,0.8868376164876595
A,imagem,0.1608832807570978,0.41515650741350907,0.8844995840811646
A,imagem,0.16246056782334384,0.41515650741350907,0.8829771987920269
A,imagem,0.16246056782334384,0.41680395387149916,0.88250761606007
A,imagem,0.1632492113564669,0.41680395387149916,0.8822142912512015
A,imagem,0.1632492113564669,0.4184514003294893,0.881198374059231
A,imagem,0.1695583596214511,0.4184514003294893,0.8762721980436845
A,imagem,0.1695583596214511,0.4200988467874794,0.8756897340590253
A,imagem,0.17034700315457413,0.4200988467874794,0.8738705792319397
A,imagem,0.17034700315457413,0.42174629324546953,0.8711451561013878
A,imagem,0.17113564668769715,0.42174629324546953,0.8709823589656243
A,imagem,0.17113564668769715,0.42504118616144976,0.8674572920296889
A,imagem,0.1719242902208202,0.42504118616144976,0.8674051302455313
A,imagem,0.1719242902208202,0.42833607907743,0.8643833489759207
A,imagem,0.17350157728706625,0.42833607907743,0.863656661254454
A,imagem,0.17350157728706625,0.4299835255354201,0.8634746376656826
A,imagem,0.17429022082018927,0.4299835255354201,0.8616842209061528
A,imagem,0.17429022082018927,0.4316309719934102,0.8606295874830961
A,imagem,0.17586750788643532,0.4316309719934102,0.8587425424157193
A,imagem,0.17586750788643532,0.43492586490939045,0.8561752985330481
A,imagem,0.1774447949526814,0.43492586490939045,0.8519075373638281
A,imagem,0.1774447949526814,0.43986820428336076,0.8495650646078011
A,imagem,0.1805993690851735,0.43986820428336076,0.8468923123081193
A,imagem,0.1805993690851735,0.4415156507413509,0.8467684192652772
A,imagem,0.18138801261829654,0.4415156507413509,0.8467372375020905
A,imagem,0.18138801261829654,0.44481054365733114,0.8454971338785348
A,imagem,0.18533123028391169,0.44481054365733114,0.8426374996537015
A,imagem,0.18533123028391169,0.4514003294892916,0.8355452786396027
A,imagem,0.18769716088328076,0.4514003294892916,0.8327067969622266
A,imagem,0.18769716088328076,0.4546952224052718,0.83012372031285
A,imagem,0.18848580441640378,0.4546952224052718,0.8299495784144274
A,imagem,0.18848580441640378,0.45799011532125206,0.8251644789435386
A,imagem,0.19085173501577288,0.45799011532125206,0.820738550639284
A,imagem,0.19085173501577288,0.46787479406919275,0.8172233738271224
A,imagem,0.19479495268138802,0.46787479406919275,0.8110369450715625
A,imagem,0.19479495268138802,0.47775947281713343,0.804496844393779
A,imagem,0.19558359621451105,0.47775947281713343,0.8040982998481893
A,imagem,0.19558359621451105,0.48105436573311366,0.8004602014527985
A,imagem,0.19637223974763407,0.48105436573311366,0.7971158942986026
A,imagem,0.19637223974763407,0.4827018121911038,0.7951613334248846
A,imagem,0.19873817034700317,0.4827018121911038,0.7915510500295999
A,imagem,0.19873817034700317,0.4843492586490939,0.7913039051823196
A,imagem,0.1995268138801262,0.4843492586490939,0.7907832428921823
A,imagem,0.1995268138801262,0.48599670510708404,0.789202452425058
A,imagem,0.20110410094637224,0.48599670510708404,0.788265580792392
A,imagem,0.20110410094637224,0.48929159802306427,0.7848468622689095
A,imagem,0.20189274447949526,0.48929159802306427,0.7844973946645948
A,imagem,0.20189274447949526,0.49093904448105435,0.7823346103355101
A,imagem,0.20268138801261829,0.49093904448105435,0.7793919108796976
A,imagem,0.20268138801261829,0.4925864909390445,0.7787754516051504
A,imagem,0.20347003154574134,0.4925864909390445,0.7785560735812515
A,imagem,0.20347003154574134,0.4942339373970346,0.7783726332836957
A,imagem,0.20504731861198738,0.4942339373970346,0.7760500495513504
A,imagem,0.20504731861198738,0.4975288303130148,0.7739696848101276
A,imagem,0.20977917981072555,0.4975288303130148,0.7674959919432609
A,imagem,0.20977917981072555,0.49917627677100496,0.7662908988820155
A,imagem,0.2113564668769716,0.49917627677100496,0.7629995998408925
A,imagem,0.2113564668769716,0.5041186161449753,0.7585715219019356
A,imagem,0.21214511041009465,0.5041186161449753,0.7568183567081714
A,imagem,0.21214511041009465,0.5057660626029654,0.7561487757812198
A,imagem,0.21293375394321767,0.5057660626029654,0.7555336576492185
A,imagem,0.21293375394321767,0.5074135090609555,0.7551724130959349
A,imagem,0.2137223974763407,0.5074135090609555,0.7544275352582077
A,imagem,0.2137223974763407,0.5123558484349259,0.7495870464782604
A,imagem,0.21451104100946372,0.5123558484349259,0.7489346360411496
A,imagem,0.21451104100946372,0.5172981878088962,0.7443699223637856
A,imagem,0.21529968454258674,0.5172981878088962,0.7440802795601515
A,imagem,0.21529968454258674,0.5222405271828665,0.7329713740792727
A,imagem,0.22082018927444794,0.5222405271828665,0.724093114687446
A,imagem,0.22082018927444794,0.5255354200988468,0.7228784371488295
A,imagem,0.221608832807571,0.5255354200988468,0.7176630578491014
A,imagem,0.221608832807571,0.5271828665568369,0.7164988927789723
A,imagem,0.22397476340694006,0.5271828665568369,0.7119280064500559
A,imagem,0.22397476340694006,0.5304777594728172,0.7102472971801757
A,imagem,0.22476340694006308,0.5304777594728172,0.709365974125603
A,imagem,0.22476340694006308,0.5321252059308073,0.7081215140268792
A,imagem,0.22634069400630916,0.5321252059308073,0.7023117504064789
A,imagem,0.22634069400630916,0.5337726523887973,0.7015377991316787
A,imagem,0.2279179810725552,0.5337726523887973,0.6948460863783261
A,imagem,0.2279179810725552,0.5370675453047776,0.6937081896087857
A,imagem,0.22870662460567823,0.5370675453047776,0.6931221691062819
A,imagem,0.22870662460567823,0.5387149917627677,0.6922395192453439
A,imagem,0.2334384858044164,0.5387149917627677,0.6838251463981525
A,imagem,0.2334384858044164,0.5403624382207578,0.6837208719128922
A,imagem,0.23501577287066247,0.5403624382207578,0.6807867094146502
A,imagem,0.23501577287066247,0.5420098846787479,0.6804158331300542
A,imagem,0.23974763406940064,0.5420098846787479,0.6732960999278126
A,imagem,0.23974763406940064,0.5453047775947282,0.6707548138890073
A,imagem,0.2421135646687697,0.5453047775947282,0.6606941629307663
A,imagem,0.2421135646687697,0.5485996705107083,0.6584302455873721
A,imagem,0.24290220820189273,0.5485996705107083,0.6565305095722331
A,imagem,0.24290220820189273,0.5502471169686985,0.6544315496474098
A,imagem,0.24369085173501578,0.5502471169686985,0.6511333658946414
A,imagem,0.24369085173501578,0.5551894563426688,0.6457100653010356
A,imagem,0.2444794952681388,0.5551894563426688,0.6449798648738047
A,imagem,0.2444794952681388,0.556836902800659,0.6387942840745111
A,imagem,0.2476340694006309,0.556836902800659,0.633790391740438
A,imagem,0.2476340694006309,0.5584843492586491,0.6335769497479237
A,imagem,0.250788643533123,0.5584843492586491,0.6241593726399468
A,imagem,0.250788643533123,0.5601317957166392,0.6167302606415914
A,imagem,0.25157728706624605,0.5601317957166392,0.6164191434015031
A,imagem,0.25157728706624605,0.5617792421746294,0.6137403514988385
A,imagem,0.25236593059936907,0.5617792421746294,0.6128701945083286
A,imagem,0.25236593059936907,0.5634266886326195,0.6073357390974647
A,imagem,0.2539432176656151,0.5634266886326195,0.6010339445408469
A,imagem,0.2539432176656151,0.5667215815485996,0.5986468374020792
A,imagem,0.2555205047318612,0.5667215815485996,0.5904112949967018
A,imagem,0.2555205047318612,0.5700164744645799,0.5850055943641883
A,imagem,0.2586750788643533,0.5700164744645799,0.5777826269071487
A,imagem,0.2586750788643533,0.57166392092257,0.5776835080272882
A,imagem,0.26261829652996843,0.57166392092257,0.5691893334410795
A,imagem,0.26261829652996843,0.5749588138385503,0.5630849137114566
A,imagem,0.26419558359621453,0.5749588138385503,0.5576019035797288
A,imagem,0.26419558359621453,0.5766062602965404,0.5551846386808582
A,imagem,0.2689274447949527,0.5766062602965404,0.5381289938942905
A,imagem,0.2689274447949527,0.5782537067545305,0.5378104167372747
A,imagem,0.2705047318611987,0.5782537067545305,0.5359466500041767
A,imagem,0.2705047318611987,0.5799011532125206,0.529367109663163
A,imagem,0.27208201892744477,0.5799011532125206,0.5268666382847169
A,imagem,0.27208201892744477,0.5815485996705108,0.5252877582123885
A,imagem,0.2744479495268139,0.5815485996705108,0.5222153201010963
A,imagem,0.2744479495268139,0.5930807248764415,0.5108939533710682
A,imagem,0.2752365930599369,0.5930807248764415,0.5101818592740186
A,imagem,0.2752365930599369,0.5947281713344317,0.5030736737445228
A,imagem,0.2807570977917981,0.5947281713344317,0.4872933081324495
A,imagem,0.2807570977917981,0.6079077429983526,0.467991021254843
A,imagem,0.28470031545741326,0.6079077429983526,0.456091666962233
A,imagem,0.28470031545741326,0.6095551894563427,0.4554556939017883
A,imagem,0.2894321766561514,0.6095551894563427,0.4407419559254031
A,imagem,0.2894321766561514,0.6112026359143328,0.4398912467081884
A,imagem,0.2902208201892745,0.6112026359143328,0.4378129156664986
A,imagem,0.2902208201892745,0.6128500823723229,0.4371677660658966
A,imagem,0.2917981072555205,0.6128500823723229,0.4337831701316275
A,imagem,0.2917981072555205,0.6161449752883031,0.4279516820747463
A,imagem,0.29337539432176657,0.6161449752883031,0.4267412582034811
A,imagem,0.29337539432176657,0.6210873146622735,0.4244096103183747
A,imagem,0.2949526813880126,0.6210873146622735,0.4210395649463542
A,imagem,0.2949526813880126,0.6243822075782537,0.4177589981993937
A,imagem,0.29574132492113564,0.6243822075782537,0.4170880385732732
A,imagem,0.29574132492113564,0.627677100494234,0.4169474266364845
A,imagem,0.29652996845425866,0.627677100494234,0.4125161500547431
A,imagem,0.29652996845425866,0.6293245469522241,0.4113631136721588
A,imagem,0.2973186119873817,0.6293245469522241,0.4103238871941866
A,imagem,0.2973186119873817,0.6326194398682042,0.4082058880133254
A,imagem,0.30362776025236593,0.6326194398682042,0.3983757784261723
A,imagem,0.30362776025236593,0.6342668863261944,0.3968484562151832
A,imagem,0.305205047318612,0.6342668863261944,0.3940730379023925
A,imagem,0.305205047318612,0.642504118616145,0.3838053717405698
A,imagem,0.30757097791798105,0.642504118616145,0.3794211057791867
A,imagem,0.30757097791798105,0.6457990115321252,0.3764858135294708
A,imagem,0.3083596214511041,0.6457990115321252,0.3748525611740032
A,imagem,0.3083596214511041,0.6474464579901154,0.37421856001689
A,imagem,0.3107255520504732,0.6474464579901154,0.3649986859316079
A,imagem,0.3107255520504732,0.6490939044481054,0.3638718331358748
A,imagem,0.31309148264984227,0.6490939044481054,0.3619547229297362
A,imagem,0.31309148264984227,0.6523887973640856,0.3613222380635087
A,imagem,0.3138801261829653,0.6523887973640856,0.3577945304870102
A,imagem,0.3138801261829653,0.6540362438220758,0.3568699347457175
A,imagem,0.31782334384858046,0.6540362438220758,0.3492549849351665
A,imagem,0.31782334384858046,0.6589785831960461,0.3441143921225637
A,imagem,0.3194006309148265,0.6589785831960461,0.3413173607167498
A,imagem,0.3194006309148265,0.6655683690280065,0.3339189575733071
A,imagem,0.32018927444794953,0.6655683690280065,0.3319609134975466
A,imagem,0.32018927444794953,0.6672158154859967,0.3319545332844059
A,imagem,0.3264984227129338,0.6672158154859967,0.3196092789864312
A,imagem,0.3264984227129338,0.6688632619439868,0.3192029098963349
A,imagem,0.3272870662460568,0.6688632619439868,0.3150903410993623
A,imagem,0.3272870662460568,0.6705107084019769,0.3141026018368519
A,imagem,0.3280757097791798,0.6705107084019769,0.3132011648311381
A,imagem,0.3280757097791798,0.6721581548599671,0.3124108520124166
A,imagem,0.32886435331230285,0.6721581548599671,0.3121129888471488
A,imagem,0.32886435331230285,0.6738056013179572,0.3118478833689581
A,imagem,0.33280757097791797,0.6738056013179572,0.3054791576637942
A,imagem,0.33280757097791797,0.6771004942339374,0.3024718070144867
A,imagem,0.3359621451104101,0.6771004942339374,0.2927532378577909
A,imagem,0.3359621451104101,0.6787479406919276,0.2925886969373593
A,imagem,0.33675078864353314,0.6787479406919276,0.2925190491661008
A,imagem,0.33675078864353314,0.6803953871499177,0.290947218479598
A,imagem,0.33753943217665616,0.6803953871499177,0.2892140431262909
A,imagem,0.33753943217665616,0.6820428336079077,0.2879027769063273
A,imagem,0.3391167192429022,0.6820428336079077,0.2874352874875051
A,imagem,0.3391167192429022,0.6869851729818781,0.2845522847696979
A,imagem,0.34069400630914826,0.6869851729818781,0.2811964036401708
A,imagem,0.34069400630914826,0.6902800658978583,0.2781887083038446
A,imagem,0.3430599369085173,0.6902800658978583,0.2762664515725762
A,imagem,0.3430599369085173,0.6919275123558485,0.2751591459833547
A,imagem,0.3438485804416404,0.6919275123558485,0.2741428544394389
A,imagem,0.3438485804416404,0.6935749588138386,0.269560656950649
A,imagem,0.34463722397476343,0.6935749588138386,0.267829232141989
A,imagem,0.34463722397476343,0.6952224052718287,0.2666289893382808
A,imagem,0.35173501577287064,0.6952224052718287,0.2495663922015742
A,imagem,0.35173501577287064,0.6968698517298187,0.2490406622343638
A,imagem,0.35331230283911674,0.6968698517298187,0.2480807190124361
A,imagem,0.35331230283911674,0.6985172981878089,0.2450342245738555
A,imagem,0.35410094637223977,0.6985172981878089,0.2438759986610348
A,imagem,0.35410094637223977,0.7018121911037891,0.2398278609097011
A,imagem,0.3556782334384858,0.7018121911037891,0.2366456911945726
A,imagem,0.3556782334384858,0.7034596375617792,0.2352482423590645
A,imagem,0.36829652996845424,0.7034596375617792,0.2127317600320242
A,imagem,0.36829652996845424,0.7084019769357496,0.2100133152214875
A,imagem,0.3714511041009464,0.7084019769357496,0.2047421229257335
A,imagem,0.3714511041009464,0.7100494233937397,0.2033627611580855
A,imagem,0.3753943217665615,0.7100494233937397,0.1967671536921015
A,imagem,0.3753943217665615,0.71334431630972,0.1937754092645381
A,imagem,0.3777602523659306,0.71334431630972,0.1925928301348232
A,imagem,0.3777602523659306,0.71499176276771,0.192551677038228
A,imagem,0.3785488958990536,0.71499176276771,0.1917786457973559
A,imagem,0.3785488958990536,0.7166392092257001,0.1914651364531656
A,imagem,0.3840694006309148,0.7166392092257001,0.1849984301396406
A,imagem,0.3840694006309148,0.7182866556836903,0.184932650295724
A,imagem,0.3856466876971609,0.7182866556836903,0.1841520773073052
A,imagem,0.3856466876971609,0.7248764415156508,0.1806589234665849
A,imagem,0.38958990536277605,0.7248764415156508,0.1773041454786471
A,imagem,0.38958990536277605,0.7265238879736409,0.173025170860777
A,imagem,0.3919558359621451,0.7265238879736409,0.1696464422802739
A,imagem,0.3919558359621451,0.729818780889621,0.1675833059920196
A,imagem,0.39589905362776023,0.729818780889621,0.1607449743155497
A,imagem,0.39589905362776023,0.7314662273476112,0.1601696496114868
A,imagem,0.39747634069400634,0.7314662273476112,0.1595691366502481
A,imagem,0.39747634069400634,0.7364085667215815,0.1582048905776551
A,imagem,0.4022082018927445,0.7364085667215815,0.1540808248253763
A,imagem,0.4022082018927445,0.7380560131795717,0.1538570633257991
A,imagem,0.4029968454258675,0.7380560131795717,0.1523231930950702
A,imagem,0.4029968454258675,0.7413509060955519,0.1490496918768675
A,imagem,0.4037854889589905,0.7413509060955519,0.1486438448593751
A,imagem,0.4037854889589905,0.742998352553542,0.1485416813720412
A,imagem,0.40457413249211355,0.742998352553542,0.1463329173910454
A,imagem,0.40457413249211355,0.7446457990115322,0.145521500495342
A,imagem,0.4069400630914827,0.7446457990115322,0.1431846171953344
A,imagem,0.4069400630914827,0.7462932454695222,0.1430748586537341
A,imagem,0.4077287066246057,0.7462932454695222,0.1426790884217868
A,imagem,0.4077287066246057,0.7479406919275123,0.1392484210965456
A,imagem,0.41246056782334384,0.7479406919275123,0.1320033779524128
A,imagem,0.41246056782334384,0.7495881383855024,0.1319795895210025
A,imagem,0.41719242902208203,0.7495881383855024,0.1279037892636482
A,imagem,0.41719242902208203,0.7512355848434926,0.1275856822822682
A,imagem,0.41798107255520506,0.7512355848434926,0.1271129097832608
A,imagem,0.41798107255520506,0.7545304777594728,0.1263276919120552
A,imagem,0.4187697160883281,0.7545304777594728,0.1262804259006474
A,imagem,0.4187697160883281,0.7561779242174629,0.1257445964097155
A,imagem,0.4219242902208202,0.7561779242174629,0.1224944347831752
A,imagem,0.4219242902208202,0.7578253706754531,0.1217777849955292
A,imagem,0.42981072555205047,0.7578253706754531,0.1147736288783289
A,imagem,0.42981072555205047,0.7594728171334432,0.114463695484387
A,imagem,0.43454258675078866,0.7594728171334432,0.1129252814725457
A,imagem,0.43454258675078866,0.7611202635914333,0.1103579159015107
A,imagem,0.43690851735015773,0.7611202635914333,0.108983511672156
A,imagem,0.43690851735015773,0.7627677100494233,0.1085733638756845
A,imagem,0.4416403785488959,0.7627677100494233,0.1057857070391036
A,imagem,0.4416403785488959,0.7644151565074135,0.1044937526115952
A,imagem,0.44242902208201895,0.7644151565074135,0.1043354158731846
A,imagem,0.44242902208201895,0.7660626029654036,0.1025372948225111
A,imagem,0.44558359621451105,0.7660626029654036,0.1009099880504282
A,imagem,0.44558359621451105,0.7677100494233937,0.1009083936739638
A,imagem,0.44637223974763407,0.7677100494233937,0.0998779635738181
A,imagem,0.44637223974763407,0.7693574958813838,0.0997582126794295
A,imagem,0.4503154574132492,0.7693574958813838,0.0971352807563778
A,imagem,0.4503154574132492,0.771004942339374,0.0970409721662384
A,imagem,0.4558359621451104,0.771004942339374,0.0915367318167167
A,imagem,0.4558359621451104,0.7726523887973641,0.0907006676523681
A,imagem,0.4582018927444795,0.7726523887973641,0.0898953427515026
A,imagem,0.4582018927444795,0.7759472817133443,0.0894908055258754
A,imagem,0.4605678233438486,0.7759472817133443,0.0879670898775393
A,imagem,0.4605678233438486,0.7775947281713345,0.0878699927803722
A,imagem,0.4613564668769716,0.7775947281713345,0.0875240848244218
A,imagem,0.4613564668769716,0.7792421746293245,0.0875015275748275
A,imagem,0.4676656151419558,0.7792421746293245,0.082912538870511
A,imagem,0.4676656151419558,0.7808896210873146,0.0828019113206461
A,imagem,0.47082018927444796,0.7808896210873146,0.0814089737875591
A,imagem,0.47082018927444796,0.7825370675453048,0.0811623300693491
A,imagem,0.4755520504731861,0.7825370675453048,0.0758389822500107
A,imagem,0.4755520504731861,0.7841845140032949,0.075534087064609
A,imagem,0.47712933753943215,0.7841845140032949,0.075449631107579
A,imagem,0.47712933753943215,0.785831960461285,0.0746044289605714
A,imagem,0.4810725552050473,0.785831960461285,0.072462891073486
A,imagem,0.4810725552050473,0.7874794069192751,0.0719433429622191
A,imagem,0.48501577287066244,0.7874794069192751,0.0703029394994151
A,imagem,0.48501577287066244,0.7891268533772653,0.0702985250405757
A,imagem,0.4865930599369085,0.7891268533772653,0.0690752591668424
A,imagem,0.4865930599369085,0.7907742998352554,0.0685989833635589
A,imagem,0.4889589905362776,0.7907742998352554,0.0672635474098754
A,imagem,0.4889589905362776,0.7924217462932455,0.0671516874525762
A,imagem,0.4952681388012618,0.7924217462932455,0.0646396321935949
A,imagem,0.4952681388012618,0.7940691927512356,0.0644678564005965
A,imagem,0.49763406940063093,0.7940691927512356,0.0615309903704162
A,imagem,0.49763406940063093,0.7957166392092258,0.0604059514661608
A,imagem,0.5063091482649842,0.7957166392092258,0.0549366691308029
A,imagem,0.5063091482649842,0.7990115321252059,0.0533727326936469
A,imagem,0.5094637223974764,0.7990115321252059,0.0513951828490197
A,imagem,0.5094637223974764,0.800658978583196,0.0509936000483194
A,imagem,0.5110410094637224,0.800658978583196,0.0507526262679865
A,imagem,0.5110410094637224,0.8023064250411862,0.0507419197380473
A,imagem,0.5157728706624606,0.8023064250411862,0.0486858901776413
A,imagem,0.5157728706624606,0.8039538714991763,0.0486607686152178
A,imagem,0.5260252365930599,0.8039538714991763,0.0444712609015883
A,imagem,0.5260252365930599,0.8056013179571664,0.0443920985801435
A,imagem,0.5307570977917981,0.8056013179571664,0.0422595190190604
A,imagem,0.5307570977917981,0.8088962108731467,0.0419459080159638
A,imagem,0.5339116719242902,0.8088962108731467,0.0406868329496227
A,imagem,0.5339116719242902,0.8105436573311368,0.0403414917215687
A,imagem,0.5362776025236593,0.8105436573311368,0.0399269498946479
A,imagem,0.5362776025236593,0.8121911037891268,0.0398399265371665
A,imagem,0.5370662460567823,0.8121911037891268,0.0394045613838318
A,imagem,0.5370662460567823,0.8171334431630972,0.0390063658761189
A,imagem,0.5410094637223974,0.8171334431630972,0.0383454469601549
A,imagem,0.5410094637223974,0.8187808896210873,0.038322151952746
A,imagem,0.5457413249211357,0.8187808896210873,0.0361422103288752
A,imagem,0.5457413249211357,0.8204283360790774,0.0358682174437675
A,imagem,0.5473186119873817,0.8204283360790774,0.0338596436207514
A,imagem,0.5473186119873817,0.8220757825370676,0.0333408946439959
A,imagem,0.5481072555205048,0.8220757825370676,0.0331597398476976
A,imagem,0.5481072555205048,0.8237232289950577,0.0330804270984837
A,imagem,0.5520504731861199,0.8237232289950577,0.0319405322719413
A,imagem,0.5520504731861199,0.8253706754530478,0.0316834900359913
A,imagem,0.556782334384858,0.8253706754530478,0.0304732306219008
A,imagem,0.556782334384858,0.8270181219110379,0.0304525015720231
A,imagem,0.5615141955835962,0.8270181219110379,0.0291405751801648
A,imagem,0.5615141955835962,0.828665568369028,0.0287546455245642
A,imagem,0.5638801261829653,0.828665568369028,0.0282466287523081
A,imagem,0.5638801261829653,0.8303130148270181,0.0282029647678644
A,imagem,0.5662460567823344,0.8303130148270181,0.027976094810781
A,imagem,0.5662460567823344,0.8319604612850082,0.0277044214021663
A,imagem,0.5686119873817035,0.8319604612850082,0.026987300555071
A,imagem,0.5686119873817035,0.8336079077429983,0.0269684205233264
A,imagem,0.5694006309148265,0.8336079077429983,0.0269345088823394
A,imagem,0.5694006309148265,0.8352553542009885,0.0264613110575522
A,imagem,0.5733438485804416,0.8352553542009885,0.0255388412058696
A,imagem,0.5733438485804416,0.8369028006589786,0.0255091451077367
A,imagem,0.5764984227129337,0.8369028006589786,0.0245444781431796
A,imagem,0.5764984227129337,0.8385502471169687,0.0244838971375844
A,imagem,0.5772870662460567,0.8385502471169687,0.0235321834747487
A,imagem,0.5772870662460567,0.8401976935749588,0.023354887766777
A,imagem,0.5780757097791798,0.8401976935749588,0.0231629969569593
A,imagem,0.5780757097791798,0.841845140032949,0.0231125457379786
A,imagem,0.5788643533123028,0.841845140032949,0.0231020141263686
A,imagem,0.5788643533123028,0.8434925864909391,0.0229766130296356
A,imagem,0.580441640378549,0.8434925864909391,0.0228756438853312
A,imagem,0.580441640378549,0.8451400329489291,0.0228725225677911
A,imagem,0.5843848580441641,0.8451400329489291,0.0219281762918039
A,imagem,0.5843848580441641,0.8467874794069192,0.0218479467805883
A,imagem,0.5891167192429022,0.8467874794069192,0.0209644860577062
A,imagem,0.5891167192429022,0.8484349258649094,0.0208341461659514
A,imagem,0.5922712933753943,0.8484349258649094,0.0201835796941983
A,imagem,0.5922712933753943,0.8500823723228995,0.0197064516123418
A,imagem,0.5930599369085173,0.8500823723228995,0.0196296243919352
A,imagem,0.5930599369085173,0.8533772652388797,0.0195680164404181
A,imagem,0.5970031545741324,0.8533772652388797,0.0188273674202806
A,imagem,0.5970031545741324,0.85667215815486,0.0185619388820581
A,imagem,0.610410094637224,0.85667215815486,0.016003894638448
A,imagem,0.610410094637224,0.8583196046128501,0.0158365546003458
A,imagem,0.6143533123028391,0.8583196046128501,0.0149218305658275
A,imagem,0.6143533123028391,0.8599670510708401,0.0145348817120219
A,imagem,0.6206624605678234,0.8599670510708401,0.0138918437417868
A,imagem,0.6206624605678234,0.8616144975288303,0.0138176133598368
A,imagem,0.6332807570977917,0.8616144975288303,0.0117951090759125
A,imagem,0.6332807570977917,0.8632619439868204,0.0115521412345001
A,imagem,0.638801261829653,0.8632619439868204,0.0109950334887265
A,imagem,0.638801261829653,0.8665568369028006,0.0109103069114287
A,imagem,0.6443217665615142,0.8665568369028006,0.0104918228787648
A,imagem,0.6443217665615142,0.8682042833607908,0.0104681635956454
A,imagem,0.6474763406940063,0.8682042833607908,0.0101281542427123
A,imagem,0.6474763406940063,0.8698517298187809,0.0099124705185192
A,imagem,0.6514195583596214,0.8698517298187809,0.0097461305742984
A,imagem,0.6514195583596214,0.871499176276771,0.0097368779487897
A,imagem,0.6522082018927445,0.871499176276771,0.009603170340461
A,imagem,0.6522082018927445,0.8731466227347611,0.0095535774273746
A,imagem,0.6553627760252366,0.8731466227347611,0.0093960114766793
A,imagem,0.6553627760252366,0.8764415156507414,0.0093511953760186
A,imagem,0.6608832807570978,0.8764415156507414,0.0091558696452349
A,imagem,0.6608832807570978,0.8813838550247117,0.0090676267271591
A,imagem,0.667192429022082,0.8813838550247117,0.0087311972313416
A,imagem,0.667192429022082,0.8830313014827018,0.0085559453315145
A,imagem,0.667981072555205,0.8830313014827018,0.0085534237872391
A,imagem,0.667981072555205,0.8846787479406919,0.0085258028672501
A,imagem,0.6711356466876972,0.8846787479406919,0.0082498651167214
A,imagem,0.6711356466876972,0.886326194398682,0.0082000726740617
A,imagem,0.6719242902208202,0.886326194398682,0.0081841858199861
A,imagem,0.6719242902208202,0.8879736408566722,0.008122411876663
A,imagem,0.6774447949526814,0.8879736408566722,0.0077975274250069
A,imagem,0.6774447949526814,0.8896210873146623,0.0077880142794969
A,imagem,0.6869085173501577,0.8896210873146623,0.0071606144202305
A,imagem,0.6869085173501577,0.8929159802306426,0.0069597445527595
A,imagem,0.6916403785488959,0.8929159802306426,0.0067683690133482
A,imagem,0.6916403785488959,0.8945634266886326,0.006574059157186
A,imagem,0.695583596214511,0.8945634266886326,0.0061085474203714
A,imagem,0.695583596214511,0.8962108731466227,0.006064905958545
A,imagem,0.6971608832807571,0.8962108731466227,0.0057902602121464
A,imagem,0.6971608832807571,0.8978583196046128,0.0057415873272828
A,imagem,0.6979495268138801,0.8978583196046128,0.005700953937227
A,imagem,0.6979495268138801,0.899505766062603,0.0056598828718548
A,imagem,0.6987381703470031,0.899505766062603,0.0055269287629334
A,imagem,0.6987381703470031,0.9028006589785832,0.0053383173981529
A,imagem,0.7026813880126183,0.9028006589785832,0.0051970441801902
A,imagem,0.7026813880126183,0.9044481054365733,0.0051158286512054
A,imagem,0.7058359621451105,0.9044481054365733,0.0049694127108982
A,imagem,0.7058359621451105,0.9060955518945635,0.0049356092930468
A,imagem,0.7121451104100947,0.9060955518945635,0.0044108983203475
A,imagem,0.7121451104100947,0.9077429983525536,0.004400518833824
A,imagem,0.7145110410094637,0.9077429983525536,0.0041931802082967
A,imagem,0.7145110410094637,0.9093904448105437,0.004174729181371
A,imagem,0.7160883280757098,0.9093904448105437,0.0040889697745416
A,imagem,0.7160883280757098,0.9110378912685337,0.0040799315854738
A,imagem,0.7318611987381703,0.9110378912685337,0.0035924104391029
A,imagem,0.7318611987381703,0.9126853377265239,0.0035664378607016
A,imagem,0.7326498422712934,0.9126853377265239,0.0035378405557997
A,imagem,0.7326498422712934,0.914332784184514,0.0035235080202532
A,imagem,0.7594637223974764,0.914332784184514,0.002330948533172
A,imagem,0.7594637223974764,0.9209225700164745,0.0022883755429326
A,imagem,0.7610410094637224,0.9209225700164745,0.0021837855826851
A,imagem,0.7610410094637224,0.9225700164744646,0.0021560671101998
A,imagem,0.7657728706624606,0.9225700164744646,0.002033975432551
A,imagem,0.7657728706624606,0.9242174629324547,0.0020168039758658
A,imagem,0.7705047318611987,0.9242174629324547,0.0019144635549205
A,imagem,0.7705047318611987,0.9258649093904449,0.0018808661238988
A,imagem,0.7712933753943217,0.9258649093904449,0.0018770901624239
A,imagem,0.7712933753943217,0.9275123558484349,0.0018738276741885
A,imagem,0.7760252365930599,0.9275123558484349,0.0017190757943748
A,imagem,0.7760252365930599,0.929159802306425,0.001692078851205
A,imagem,0.776813880126183,0.929159802306425,0.0016913224681643
A,imagem,0.776813880126183,0.9308072487644151,0.0016581629485634
A,imagem,0.7839116719242902,0.9308072487644151,0.0015603146681854
A,imagem,0.7839116719242902,0.9324546952224053,0.0015430175940963
A,imagem,0.7847003154574133,0.9324546952224053,0.0015312552006699
A,imagem,0.7847003154574133,0.9341021416803954,0.0015233623610998
A,imagem,0.7878548895899053,0.9341021416803954,0.0014691755133723
A,imagem,0.7878548895899053,0.9357495881383855,0.001453368175817
A,imagem,0.7894321766561514,0.9357495881383855,0.0014365395244986
A,imagem,0.7894321766561514,0.9390444810543658,0.0014060651318689
A,imagem,0.7965299684542587,0.9390444810543658,0.0012277943317811
A,imagem,0.7965299684542587,0.9406919275123559,0.0012225177527883
A,imagem,0.7996845425867508,0.9406919275123559,0.0011520872646636
A,imagem,0.7996845425867508,0.943986820428336,0.0011330925240966
A,imagem,0.8012618296529969,0.943986820428336,0.0010934146250936
A,imagem,0.8012618296529969,0.9472817133443163,0.0010594483969442
A,imagem,0.8138801261829653,0.9472817133443163,0.0008938147787213
A,imagem,0.8138801261829653,0.9489291598023064,0.0008780575437035
A,imagem,0.8154574132492114,0.9489291598023064,0.0008645164232257
A,imagem,0.8154574132492114,0.9505766062602965,0.0008566662343897
A,imagem,0.8170347003154574,0.9505766062602965,0.0008412552190404
A,imagem,0.8170347003154574,0.9522240527182867,0.0008376540130437
A,imagem,0.8178233438485805,0.9522240527182867,0.0008359367183655
A,imagem,0.8178233438485805,0.9538714991762768,0.0008266087735759
A,imagem,0.8201892744479495,0.9538714991762768,0.0007860980285519
A,imagem,0.8201892744479495,0.957166392092257,0.0007772379792946
A,imagem,0.8367507886435331,0.957166392092257,0.0005629024259509
A,imagem,0.8367507886435331,0.9588138385502472,0.0005254953007309
A,imagem,0.8414826498422713,0.9588138385502472,0.0004843832208072
A,imagem,0.8414826498422713,0.9604612850082372,0.0004831919550773
A,imagem,0.8548895899053628,0.9604612850082372,0.0003409721053595
A,imagem,0.8548895899053628,0.9621087314662273,0.000330539317678
A,imagem,0.8588328075709779,0.9621087314662273,0.0002811864984992
A,imagem,0.8588328075709779,0.9637561779242174,0.000271757332106
A,imagem,0.8667192429022083,0.9637561779242174,0.0002366776634573
A,imagem,0.8667192429022083,0.9654036243822076,0.0002349763266613
A,imagem,0.8675078864353313,0.9654036243822076,0.0002343548952656
A,imagem,0.8675078864353313,0.9670510708401977,0.000228233525986
A,imagem,0.8690851735015773,0.9670510708401977,0.0002277235737797
A,imagem,0.8690851735015773,0.9686985172981878,0.0002264551875313
A,imagem,0.8706624605678234,0.9686985172981878,0.0002221697606248
A,imagem,0.8706624605678234,0.9703459637561779,0.000220200323397
A,imagem,0.8738170347003155,0.9703459637561779,0.0001978867383713
A,imagem,0.8738170347003155,0.9719934102141681,0.0001935732098999
A,imagem,0.8761829652996845,0.9719934102141681,0.0001848818733663
A,imagem,0.8761829652996845,0.9736408566721582,0.0001800451973227
A,imagem,0.8769716088328076,0.9736408566721582,0.0001787391786879
A,imagem,0.8769716088328076,0.9769357495881383,0.0001767474026103
A,imagem,0.8903785488958991,0.9769357495881383,0.000102448793881
A,imagem,0.8903785488958991,0.9802306425041186,9.702050933455822e-05
A,imagem,0.8943217665615142,0.9802306425041186,8.1751859779176e-05
A,imagem,0.8943217665615142,0.9818780889621087,7.940282022316513e-05
A,imagem,0.9132492113564669,0.9818780889621087,3.887282274136234e-05
A,imagem,0.9132492113564669,0.9835255354200988,3.881129894827487e-05
A,imagem,0.9298107255520505,0.9835255354200988,2.1091852208553134e-05
A,imagem,0.9298107255520505,0.985172981878089,1.7232396716409818e-05
A,imagem,0.9313880126182965,0.985172981878089,1.6821541054776215e-05
A,imagem,0.9313880126182965,0.9868204283360791,1.6801524515495497e-05
A,imagem,0.9345425867507886,0.9868204283360791,1.1867427375296927e-05
A,imagem,0.9345425867507886,0.9884678747940692,1.174676687550636e-05
A,imagem,0.945583596214511,0.9884678747940692,7.904878555012534e-06
A,imagem,0.945583596214511,0.9901153212520593,7.701247037958732e-06
A,imagem,0.9471608832807571,0.9901153212520593,7.253419169491079e-06
A,imagem,0.9471608832807571,0.9917627677100495,7.140894275854021e-06
A,imagem,0.9479495268138801,0.9917627677100495,6.937430198503137e-06
A,imagem,0.9479495268138801,0.9934102141680395,6.180796334479342e-06
A,imagem,0.9495268138801262,0.9934102141680395,4.853337463287682e-06
A,imagem,0.9495268138801262,0.9950576606260296,4.853024903207451e-06
A,imagem,0.9526813880126183,0.9950576606260296,4.052578625271407e-06
A,imagem,0.9526813880126183,0.9967051070840197,3.9932825250712655e-06
A,imagem,0.9676656151419558,0.9967051070840197,1.5721187611592326e-06
A,imagem,0.9676656151419558,0.9983525535420099,1.5505103927774058e-06
A,imagem,0.9787066246056783,0.9983525535420099,4.51287886164161e-07
A,imagem,0.9787066246056783,1.0,4.105322483984339e-07
A,imagem,1.0,1.0,5.4754143356169e-14
A,paciente,0.0,0.0,inf
A,paciente,0.0,0.0029239766081871343,0.999997779402672
A,paciente,0.0,0.005847953216374269,0.999997607951738
A,paciente,0.0013850415512465374,0.005847953216374269,0.9999878585317004
A,paciente,0.0013850415512465374,0.011695906432748537,0.9999727723759364
A,paciente,0.002770083102493075,0.011695906432748537,0.9999678258977902
A,paciente,0.002770083102493075,0.029239766081871343,0.9997771421103474
A,paciente,0.00554016620498615,0.029239766081871343,0.9995683367918158
A,paciente,0.00554016620498615,0.049707602339181284,0.999138968313879
A,paciente,0.009695290858725761,0.049707602339181284,0.9990245065275434
A,paciente,0.009695290858725761,0.06140350877192982,0.9983615141054992
A,paciente,0.0110803324099723,0.06140350877192982,0.9981275185366296
A,paciente,0.0110803324099723,0.06432748538011696,0.9980524532442164
A,paciente,0.015235457063711912,0.06432748538011696,0.9969423537888148
A,paciente,0.015235457063711912,0.06725146198830409,0.996813833632902
A,paciente,0.01662049861495845,0.06725146198830409,0.9967049705991547
A,paciente,0.01662049861495845,0.09064327485380116,0.9958325843893528
A,paciente,0.018005540166204988,0.09064327485380116,0.9957741801638916
A,paciente,0.018005540166204988,0.09941520467836257,0.9940507987446536
A,paciente,0.02077562326869806,0.09941520467836257,0.9933225537413082
A,paciente,0.02077562326869806,0.1111111111111111,0.9929524577014056
A,paciente,0.023545706371191136,0.1111111111111111,0.9924032581878688
A,paciente,0.023545706371191136,0.11403508771929824,0.9923294805658178
A,paciente,0.02631578947368421,0.11403508771929824,0.9916945501193634
A,paciente,0.02631578947368421,0.12573099415204678,0.9895424927643496
A,paciente,0.027700831024930747,0.12573099415204678,0.989446373122938
A,paciente,0.027700831024930747,0.13157894736842105,0.9881351244998632
A,paciente,0.030470914127423823,0.13157894736842105,0.9877790516511162
A,paciente,0.030470914127423823,0.13742690058479531,0.9845952134487144
A,paciente,0.03185595567867036,0.13742690058479531,0.984468697548854
A,paciente,0.03185595567867036,0.14619883040935672,0.9831655348559862
A,paciente,0.03462603878116344,0.14619883040935672,0.9817930551272364
A,paciente,0.03462603878116344,0.14912280701754385,0.9805360815490322
A,paciente,0.038781163434903045,0.14912280701754385,0.9796455465784156
A,paciente,0.038781163434903045,0.15204678362573099,0.979540665628132
A,paciente,0.04016620498614958,0.15204678362573099,0.9786096307851968
A,paciente,0.04016620498614958,0.1608187134502924,0.9775107457514034
A,paciente,0.04155124653739612,0.1608187134502924,0.976745560790222
A,paciente,0.04155124653739612,0.16666666666666666,0.9754482363385042
A,paciente,0.0443213296398892,0.16666666666666666,0.973199191294495
A,paciente,0.0443213296398892,0.1695906432748538,0.9731416122240736
A,paciente,0.045706371191135735,0.1695906432748538,0.9731220739867528
A,paciente,0.045706371191135735,0.17543859649122806,0.9700330175077524
A,paciente,0.04709141274238227,0.17543859649122806,0.9696830480884796
A,paciente,0.04709141274238227,0.18128654970760233,0.9690800363504964
A,paciente,0.04986149584487535,0.18128654970760233,0.9688248669538282
A,paciente,0.04986149584487535,0.19005847953216373,0.9672770757082478
A,paciente,0.05124653739612189,0.19005847953216373,0.9672190598627332
A,paciente,0.05124653739612189,0.195906432748538,0.9668541795416884
A,paciente,0.05263157894736842,0.195906432748538,0.96610759862252
A,paciente,0.05263157894736842,0.20760233918128654,0.9621861942810936
A,paciente,0.054016620498614956,0.20760233918128654,0.9619483433702092
A,paciente,0.054016620498614956,0.21637426900584794,0.9594209873081918
A,paciente,0.05817174515235457,0.21637426900584794,0.9558936247903388
A,paciente,0.05817174515235457,0.23391812865497075,0.9502906484047406
A,paciente,0.05955678670360111,0.23391812865497075,0.9501475404469988
A,paciente,0.05955678670360111,0.23684210526315788,0.9491929986651124
A,paciente,0.060941828254847646,0.23684210526315788,0.9491657249194452
A,paciente,0.060941828254847646,0.23976608187134502,0.9481876836595684
A,paciente,0.062326869806094184,0.23976608187134502,0.9480382656855524
A,paciente,0.062326869806094184,0.24853801169590642,0.9458425090877368
A,paciente,0.0664819944598338,0.24853801169590642,0.9438725278693968
A,paciente,0.0664819944598338,0.25146198830409355,0.9429275867460798
A,paciente,0.06925207756232687,0.25146198830409355,0.941158982666249
A,paciente,0.06925207756232687,0.26608187134502925,0.93245465092805
A,paciente,0.07617728531855955,0.26608187134502925,0.9246312885091648
A,paciente,0.07617728531855955,0.2719298245614035,0.9219465379059324
A,paciente,0.07756232686980609,0.2719298245614035,0.921717571977494
A,paciente,0.07756232686980609,0.2777777777777778,0.9186369436855693
A,paciente,0.0817174515235457,0.2777777777777778,0.915677768411752
A,paciente,0.0817174515235457,0.2807017543859649,0.914696357883385
A,paciente,0.08310249307479224,0.2807017543859649,0.9093559056679882
A,paciente,0.08310249307479224,0.28654970760233917,0.9074582959082982
A,paciente,0.08587257617728532,0.28654970760233917,0.9029287110092212
A,paciente,0.08587257617728532,0.2982456140350877,0.899389789359945
A,paciente,0.0886426592797784,0.2982456140350877,0.8950832490189471
A,paciente,0.0886426592797784,0.30116959064327486,0.8949410014594499
A,paciente,0.09002770083102493,0.30116959064327486,0.8943471472482485
A,paciente,0.09002770083102493,0.30409356725146197,0.8928726371546074
A,paciente,0.09141274238227147,0.30409356725146197,0.8919233763899153
A,paciente,0.09141274238227147,0.3128654970760234,0.8895730682154095
A,paciente,0.09279778393351801,0.3128654970760234,0.8883219050851524
A,paciente,0.09279778393351801,0.3216374269005848,0.8848615425590902
A,paciente,0.09418282548476455,0.3216374269005848,0.8844161447135879
A,paciente,0.09418282548476455,0.32456140350877194,0.8806563096952355
A,paciente,0.10110803324099724,0.32456140350877194,0.8757470619293066
A,paciente,0.10110803324099724,0.3362573099415205,0.8674572920296889
A,paciente,0.10249307479224377,0.3362573099415205,0.863656661254454
A,paciente,0.10249307479224377,0.3391812865497076,0.8598577862306129
A,paciente,0.10803324099722991,0.3391812865497076,0.8539263123210393
A,paciente,0.10803324099722991,0.347953216374269,0.8454971338785348
A,paciente,0.11080332409972299,0.347953216374269,0.8431490102010106
A,paciente,0.11080332409972299,0.3508771929824561,0.8423850912348392
A,paciente,0.11357340720221606,0.3508771929824561,0.8403584316357415
A,paciente,0.11357340720221606,0.35964912280701755,0.8381449910312069
A,paciente,0.1149584487534626,0.35964912280701755,0.8350802284783345
A,paciente,0.1149584487534626,0.3830409356725146,0.8172157523052407
A,paciente,0.11634349030470914,0.3830409356725146,0.8154279397736972
A,paciente,0.11634349030470914,0.38596491228070173,0.8139688489457484
A,paciente,0.12049861495844875,0.38596491228070173,0.8060493539209621
A,paciente,0.12049861495844875,0.39473684210526316,0.7922376583080311
A,paciente,0.12188365650969529,0.39473684210526316,0.7910283691032052
A,paciente,0.12188365650969529,0.4093567251461988,0.7691778566511314
A,paciente,0.12326869806094183,0.4093567251461988,0.7674959919432609
A,paciente,0.12326869806094183,0.41228070175438597,0.7651239498696365
A,paciente,0.12465373961218837,0.41228070175438597,0.7631926434308225
A,paciente,0.12465373961218837,0.42105263157894735,0.7523610529246557
A,paciente,0.1260387811634349,0.42105263157894735,0.7467759137576239
A,paciente,0.1260387811634349,0.4239766081871345,0.7454774083351683
A,paciente,0.12742382271468145,0.4239766081871345,0.7366981079243344
A,paciente,0.12742382271468145,0.4269005847953216,0.7346996760334579
A,paciente,0.12880886426592797,0.4269005847953216,0.7338471764172156
A,paciente,0.12880886426592797,0.4327485380116959,0.7276657683972803
A,paciente,0.1329639889196676,0.4327485380116959,0.7236734122651569
A,paciente,0.1329639889196676,0.43859649122807015,0.7220160863140355
A,paciente,0.14265927977839335,0.43859649122807015,0.709365974125603
A,paciente,0.14265927977839335,0.4415204678362573,0.7078606852129541
A,paciente,0.1440443213296399,0.4415204678362573,0.7038628863177239
A,paciente,0.1440443213296399,0.4444444444444444,0.7005129120368314
A,paciente,0.14542936288088643,0.4444444444444444,0.7002058342103203
A,paciente,0.14542936288088643,0.4473684210526316,0.6978021350174897
A,paciente,0.15096952908587258,0.4473684210526316,0.6867410576023453
A,paciente,0.15096952908587258,0.4502923976608187,0.6852020154076401
A,paciente,0.16066481994459833,0.4502923976608187,0.6686871269613809
A,paciente,0.16066481994459833,0.45321637426900585,0.6654026131942751
A,paciente,0.16481994459833796,0.45321637426900585,0.6601483616273108
A,paciente,0.16481994459833796,0.45614035087719296,0.6584302455873721
A,paciente,0.16620498614958448,0.45614035087719296,0.6576544280624279
A,paciente,0.16620498614958448,0.4590643274853801,0.6560723140492994
A,paciente,0.16759002770083103,0.4590643274853801,0.6511333658946414
A,paciente,0.16759002770083103,0.4649122807017544,0.6470576183148734
A,paciente,0.1703601108033241,0.4649122807017544,0.6449798648738047
A,paciente,0.1703601108033241,0.4678362573099415,0.628343701161127
A,paciente,0.17174515235457063,0.4678362573099415,0.6263871154767557
A,paciente,0.17174515235457063,0.47076023391812866,0.6258052200269544
A,paciente,0.1731301939058172,0.47076023391812866,0.6250585507017412
A,paciente,0.1731301939058172,0.47368421052631576,0.623979245858538
A,paciente,0.1745152354570637,0.47368421052631576,0.6225179173054062
A,paciente,0.1745152354570637,0.4766081871345029,0.6137403514988385
A,paciente,0.1772853185595568,0.4766081871345029,0.6050387407866844
A,paciente,0.1772853185595568,0.47953216374269003,0.6021643437485663
A,paciente,0.1786703601108033,0.47953216374269003,0.5991654961839424
A,paciente,0.1786703601108033,0.4824561403508772,0.5986468374020792
A,paciente,0.18005540166204986,0.4824561403508772,0.5983835584648636
A,paciente,0.18005540166204986,0.49122807017543857,0.5864552854847733
A,paciente,0.1814404432132964,0.49122807017543857,0.586410267835311
A,paciente,0.1814404432132964,0.49415204678362573,0.5808983405543644
A,paciente,0.1925207756232687,0.49415204678362573,0.5645064498593095
A,paciente,0.1925207756232687,0.49707602339181284,0.5642128248620865
A,paciente,0.19529085872576177,0.49707602339181284,0.5631601082060931
A,paciente,0.19529085872576177,0.5,0.5614002480088474
A,paciente,0.19667590027700832,0.5,0.560739991876728
A,paciente,0.19667590027700832,0.5029239766081871,0.5599242414841856
A,paciente,0.19806094182825484,0.5029239766081871,0.5594299912228871
A,paciente,0.19806094182825484,0.5087719298245614,0.557028713646196
A,paciente,0.1994459833795014,0.5087719298245614,0.5564627473322675
A,paciente,0.1994459833795014,0.5116959064327485,0.5551846386808582
A,paciente,0.20083102493074792,0.5116959064327485,0.5530613592482381
A,paciente,0.20083102493074792,0.5146198830409356,0.5528053923253707
A,paciente,0.20221606648199447,0.5146198830409356,0.5522775442833427
A,paciente,0.20221606648199447,0.5175438596491229,0.5516792403088464
A,paciente,0.20498614958448755,0.5175438596491229,0.5480525411919992
A,paciente,0.20498614958448755,0.5263157894736842,0.543930013063161
A,paciente,0.21052631578947367,0.5263157894736842,0.5367162187524946
A,paciente,0.21052631578947367,0.5350877192982456,0.5322120795499105
A,paciente,0.21329639889196675,0.5350877192982456,0.5265992386444447
A,paciente,0.21329639889196675,0.5409356725146199,0.5260871419878038
A,paciente,0.22160664819944598,0.5409356725146199,0.5207245882432671
A,paciente,0.22160664819944598,0.5584795321637427,0.5169173939853479
A,paciente,0.22299168975069253,0.5584795321637427,0.5163302475433814
A,paciente,0.22299168975069253,0.5614035087719298,0.515441213557358
A,paciente,0.22714681440443213,0.5614035087719298,0.5136337585202527
A,paciente,0.22714681440443213,0.564327485380117,0.5131734067371779
A,paciente,0.22853185595567868,0.564327485380117,0.5122913889611643
A,paciente,0.22853185595567868,0.5672514619883041,0.512035804684979
A,paciente,0.23268698060941828,0.5672514619883041,0.5109500875894847
A,paciente,0.23268698060941828,0.5701754385964912,0.5108939533710682
A,paciente,0.23684210526315788,0.5701754385964912,0.5079558188983085
A,paciente,0.23684210526315788,0.5760233918128655,0.5076664581743334
A,paciente,0.2409972299168975,0.5760233918128655,0.5062873552199837
A,paciente,0.2409972299168975,0.5789473684210527,0.5062813695988612
A,paciente,0.24238227146814403,0.5789473684210527,0.5048986262186292
A,paciente,0.24238227146814403,0.5818713450292398,0.5048442624386076
A,paciente,0.24376731301939059,0.5818713450292398,0.504657617990642
A,paciente,0.24376731301939059,0.5964912280701754,0.5028236382964482
A,paciente,0.24930747922437674,0.5964912280701754,0.501417335074516
A,paciente,0.24930747922437674,0.5994152046783626,0.5005840093271618
A,paciente,0.25069252077562326,0.5994152046783626,0.5000154008224768
A,paciente,0.25069252077562326,0.6023391812865497,0.4999738325567537
A,paciente,0.2548476454293629,0.6023391812865497,0.499285573725765
A,paciente,0.2548476454293629,0.6081871345029239,0.4990064616874228
A,paciente,0.25761772853185594,0.6081871345029239,0.4974813509422292
A,paciente,0.25761772853185594,0.6111111111111112,0.4970808793368351
A,paciente,0.26454293628808867,0.6111111111111112,0.4952992077215933
A,paciente,0.26454293628808867,0.6228070175438597,0.4936927228184217
A,paciente,0.2659279778393352,0.6228070175438597,0.4933042656910789
A,paciente,0.2659279778393352,0.6286549707602339,0.4924646704488406
A,paciente,0.2673130193905817,0.6286549707602339,0.4918599659688769
A,paciente,0.2673130193905817,0.631578947368421,0.4894739507208505
A,paciente,0.26869806094182824,0.631578947368421,0.4891116195400927
A,paciente,0.26869806094182824,0.6345029239766082,0.4887451972114609
A,paciente,0.2770083102493075,0.6345029239766082,0.4850554608691048
A,paciente,0.2770083102493075,0.6403508771929824,0.483732673700357
A,paciente,0.278393351800554,0.6403508771929824,0.4831116550085159
A,paciente,0.278393351800554,0.6432748538011696,0.4820259524286914
A,paciente,0.28254847645429365,0.6432748538011696,0.4797400546078893
A,paciente,0.28254847645429365,0.652046783625731,0.478426130483864
A,paciente,0.2853185595567867,0.652046783625731,0.478187003236103
A,paciente,0.2853185595567867,0.6549707602339181,0.4776690200572617
A,paciente,0.2867036011080332,0.6549707602339181,0.4761238831576944
A,paciente,0.2867036011080332,0.6608187134502924,0.4755076224281305
A,paciente,0.29085872576177285,0.6608187134502924,0.4717502224034525
A,paciente,0.29085872576177285,0.6637426900584795,0.4711725038313476
A,paciente,0.29362880886426596,0.6637426900584795,0.4705663044731552
A,paciente,0.29362880886426596,0.6695906432748538,0.469500139239658
A,paciente,0.32271468144044324,0.6695906432748538,0.4458674275258627
A,paciente,0.32271468144044324,0.672514619883041,0.4449672896337451
A,paciente,0.3268698060941828,0.672514619883041,0.4431545710732112
A,paciente,0.3268698060941828,0.6783625730994152,0.4410022864173439
A,paciente,0.33102493074792244,0.6783625730994152,0.4356198951897101
A,paciente,0.33102493074792244,0.6812865497076024,0.4346593078404004
A,paciente,0.3337950138504155,0.6812865497076024,0.4316230669828341
A,paciente,0.3337950138504155,0.6842105263157895,0.4307538225133998
A,paciente,0.3365650969529086,0.6842105263157895,0.42566416527863
A,paciente,0.3365650969529086,0.6929824561403509,0.4240514435528889
A,paciente,0.3407202216066482,0.6929824561403509,0.4190484289110585
A,paciente,0.3407202216066482,0.7017543859649122,0.4125389268188894
A,paciente,0.34210526315789475,0.7017543859649122,0.4103238871941866
A,paciente,0.34210526315789475,0.7076023391812866,0.4083271665890741
A,paciente,0.34349030470914127,0.7076023391812866,0.406323760799298
A,paciente,0.34349030470914127,0.7105263157894737,0.4053294044246951
A,paciente,0.3490304709141274,0.7105263157894737,0.3958538917317805
A,paciente,0.3490304709141274,0.7192982456140351,0.3932817329423236
A,paciente,0.3518005540166205,0.7192982456140351,0.3922211662416122
A,paciente,0.3518005540166205,0.7222222222222222,0.3917139049027363
A,paciente,0.3573407202216066,0.7222222222222222,0.3852549263346905
A,paciente,0.3573407202216066,0.7251461988304093,0.3852049133406602
A,paciente,0.3587257617728532,0.7251461988304093,0.3851044043850804
A,paciente,0.3587257617728532,0.7309941520467836,0.3761795880461366
A,paciente,0.36149584487534625,0.7309941520467836,0.3744674379600716
A,paciente,0.36149584487534625,0.7339181286549707,0.3738908647395227
A,paciente,0.3628808864265928,0.7339181286549707,0.3725409948785161
A,paciente,0.3628808864265928,0.7368421052631579,0.3714907194916956
A,paciente,0.3670360110803324,0.7368421052631579,0.3663612814443882
A,paciente,0.3670360110803324,0.7397660818713451,0.3638970118072578
A,paciente,0.3698060941828255,0.7397660818713451,0.3577945304870102
A,paciente,0.3698060941828255,0.7426900584795322,0.3470442147273109
A,paciente,0.37257617728531855,0.7426900584795322,0.3441545972566965
A,paciente,0.37257617728531855,0.7456140350877193,0.3423960459241447
A,paciente,0.3767313019390582,0.7456140350877193,0.3399082424921779
A,paciente,0.3767313019390582,0.7543859649122807,0.3339189575733071
A,paciente,0.38227146814404434,0.7543859649122807,0.3250825061195126
A,paciente,0.38227146814404434,0.7602339181286549,0.3234851053158843
A,paciente,0.3850415512465374,0.7602339181286549,0.3153329131427317
A,paciente,0.3850415512465374,0.7719298245614035,0.3097084092639559
A,paciente,0.389196675900277,0.7719298245614035,0.3082425403829104
A,paciente,0.389196675900277,0.7748538011695907,0.3057577537295917
A,paciente,0.39335180055401664,0.7748538011695907,0.2966624496558793
A,paciente,0.39335180055401664,0.7807017543859649,0.2933477832856789
A,paciente,0.3988919667590028,0.7807017543859649,0.2893260420851445
A,paciente,0.3988919667590028,0.7865497076023392,0.2884621438147865
A,paciente,0.4002770083102493,0.7865497076023392,0.2860386368733787
A,paciente,0.4002770083102493,0.7894736842105263,0.284651216362757
A,paciente,0.4085872576177285,0.7894736842105263,0.2714256113366047
A,paciente,0.4085872576177285,0.7923976608187134,0.2704195453818523
A,paciente,0.41412742382271467,0.7923976608187134,0.2611086231380327
A,paciente,0.41412742382271467,0.7953216374269005,0.2608468687844326
A,paciente,0.4155124653739612,0.7953216374269005,0.2590066220430796
A,paciente,0.4155124653739612,0.7982456140350878,0.2562243419797712
A,paciente,0.4224376731301939,0.7982456140350878,0.2441175744151918
A,paciente,0.4224376731301939,0.8011695906432749,0.2425295887025776
A,paciente,0.42382271468144045,0.8011695906432749,0.2379679658887373
A,paciente,0.42382271468144045,0.804093567251462,0.2375134964377536
A,paciente,0.4279778393351801,0.804093567251462,0.2352914535052276
A,paciente,0.4279778393351801,0.8070175438596491,0.2352482423590645
A,paciente,0.4307479224376731,0.8070175438596491,0.233751649940415
A,paciente,0.4307479224376731,0.8128654970760234,0.2323755510199717
A,paciente,0.4404432132963989,0.8128654970760234,0.2153949527120928
A,paciente,0.4404432132963989,0.8216374269005848,0.2118551043995933
A,paciente,0.44182825484764543,0.8216374269005848,0.2104921473305759
A,paciente,0.44182825484764543,0.8245614035087719,0.2100133152214875
A,paciente,0.4445983379501385,0.8245614035087719,0.2080892788361224
A,paciente,0.4445983379501385,0.827485380116959,0.2063032034235747
A,paciente,0.4598337950138504,0.827485380116959,0.1925928301348232
A,paciente,0.4598337950138504,0.8304093567251462,0.1920973803156499
A,paciente,0.4695290858725762,0.8304093567251462,0.1811848430635173
A,paciente,0.4695290858725762,0.8333333333333334,0.1810442040630921
A,paciente,0.4709141274238227,0.8333333333333334,0.180760527745487
A,paciente,0.4709141274238227,0.8362573099415205,0.1795783568651346
A,paciente,0.47645429362880887,0.8362573099415205,0.1715997703752654
A,paciente,0.47645429362880887,0.8391812865497076,0.1714125505707028
A,paciente,0.48476454293628807,0.8391812865497076,0.1598229370279077
A,paciente,0.48476454293628807,0.8421052631578947,0.1582048905776551
A,paciente,0.48753462603878117,0.8421052631578947,0.1561235457767052
A,paciente,0.48753462603878117,0.8450292397660819,0.1561043424816382
A,paciente,0.4903047091412742,0.8450292397660819,0.1556233040454395
A,paciente,0.4903047091412742,0.847953216374269,0.1555105439592121
A,paciente,0.49445983379501385,0.847953216374269,0.1493826191086208
A,paciente,0.49445983379501385,0.8508771929824561,0.1485416813720412
A,paciente,0.49584487534626037,0.8508771929824561,0.1474860167210373
A,paciente,0.49584487534626037,0.8538011695906432,0.1453213631192847
A,paciente,0.49722991689750695,0.8538011695906432,0.1437833681453347
A,paciente,0.49722991689750695,0.8567251461988304,0.1433856009446532
A,paciente,0.5013850415512465,0.8567251461988304,0.1397890818365653
A,paciente,0.5013850415512465,0.8596491228070176,0.1392484210965456
A,paciente,0.5055401662049861,0.8596491228070176,0.1333339595054786
A,paciente,0.5055401662049861,0.8625730994152047,0.1326571251244337
A,paciente,0.5138504155124654,0.8625730994152047,0.1279037892636482
A,paciente,0.5138504155124654,0.868421052631579,0.1263276919120552
A,paciente,0.5193905817174516,0.868421052631579,0.1237374055798457
A,paciente,0.5193905817174516,0.8713450292397661,0.1227798599372932
A,paciente,0.5290858725761773,0.8713450292397661,0.1140465593772066
A,paciente,0.5290858725761773,0.8742690058479532,0.1135492173329573
A,paciente,0.5346260387811634,0.8742690058479532,0.1104255864426518
A,paciente,0.5346260387811634,0.8771929824561403,0.1096360641209505
A,paciente,0.5664819944598338,0.8771929824561403,0.0856294536637856
A,paciente,0.5664819944598338,0.8801169590643275,0.0847680848556432
A,paciente,0.5678670360110804,0.8801169590643275,0.081721858764929
A,paciente,0.5678670360110804,0.8859649122807017,0.0811623300693491
A,paciente,0.5692520775623269,0.8859649122807017,0.0807732114194084
A,paciente,0.5692520775623269,0.8918128654970761,0.0797195393336908
A,paciente,0.5872576177285319,0.8918128654970761,0.0703029394994151
A,paciente,0.5872576177285319,0.8947368421052632,0.0702985250405757
A,paciente,0.6204986149584487,0.8947368421052632,0.0539555643676166
A,paciente,0.6204986149584487,0.8976608187134503,0.0522374157673327
A,paciente,0.6246537396121884,0.8976608187134503,0.0497584806215471
A,paciente,0.6246537396121884,0.9005847953216374,0.0494573999202134
A,paciente,0.6329639889196675,0.9005847953216374,0.0456892489007885
A,paciente,0.6329639889196675,0.9035087719298246,0.0444690063051602
A,paciente,0.646814404432133,0.9035087719298246,0.0380333529118952
A,paciente,0.646814404432133,0.9064327485380117,0.0377793639581592
A,paciente,0.649584487534626,0.9064327485380117,0.0373668511174165
A,paciente,0.649584487534626,0.9093567251461988,0.0369851065389775
A,paciente,0.6537396121883656,0.9093567251461988,0.034972685559215
A,paciente,0.6537396121883656,0.9122807017543859,0.034337524906838
A,paciente,0.6662049861495845,0.9122807017543859,0.0282611601783954
A,paciente,0.6662049861495845,0.9152046783625731,0.0282029647678644
A,paciente,0.6689750692520776,0.9152046783625731,0.0280382342240345
A,paciente,0.6689750692520776,0.9181286549707602,0.0278817606879003
A,paciente,0.6717451523545707,0.9181286549707602,0.0275217536664636
A,paciente,0.6717451523545707,0.9210526315789473,0.0269684205233264
A,paciente,0.685595567867036,0.9210526315789473,0.0236996435012386
A,paciente,0.685595567867036,0.9239766081871345,0.023354887766777
A,paciente,0.6911357340720221,0.9239766081871345,0.0211723282194442
A,paciente,0.6911357340720221,0.9327485380116959,0.0208341461659514
A,paciente,0.7188365650969529,0.9327485380116959,0.0149218305658275
A,paciente,0.7188365650969529,0.935672514619883,0.0147998628943949
A,paciente,0.7534626038781164,0.935672514619883,0.0105440268176262
A,paciente,0.7534626038781164,0.9415204678362573,0.0098534310722951
A,paciente,0.7922437673130194,0.9415204678362573,0.0065093773932109
A,paciente,0.7922437673130194,0.9444444444444444,0.0064705566505564
A,paciente,0.8033240997229917,0.9444444444444444,0.0055269287629334
A,paciente,0.8033240997229917,0.9473684210526315,0.0053872366063019
A,paciente,0.8060941828254847,0.9473684210526315,0.0052721455634095
A,paciente,0.8060941828254847,0.9502923976608187,0.0052604126581479
A,paciente,0.814404432132964,0.9502923976608187,0.0050260520148768
A,paciente,0.814404432132964,0.9532163742690059,0.004286373428015
A,paciente,0.8157894736842105,0.9532163742690059,0.0042783161459927
A,paciente,0.8157894736842105,0.956140350877193,0.004174729181371
A,paciente,0.8476454293628809,0.956140350877193,0.0029715009864943
A,paciente,0.8476454293628809,0.9590643274853801,0.0029591673649466
A,paciente,0.850415512465374,0.9590643274853801,0.0029175956786788
A,paciente,0.850415512465374,0.9619883040935673,0.0026730093225954
A,paciente,0.8559556786703602,0.9619883040935673,0.0023349906862592
A,paciente,0.8559556786703602,0.9678362573099415,0.0022883755429326
A,paciente,0.868421052631579,0.9678362573099415,0.0018770901624239
A,paciente,0.868421052631579,0.9707602339181286,0.0016581629485634
A,paciente,0.8739612188365651,0.9707602339181286,0.0015309424082057
A,paciente,0.8739612188365651,0.9736842105263158,0.0013995954372582
A,paciente,0.889196675900277,0.9736842105263158,0.0011909675787395
A,paciente,0.889196675900277,0.9766081871345029,0.0011330925240966
A,paciente,0.8933518005540166,0.9766081871345029,0.0010330905227613
A,paciente,0.8933518005540166,0.97953216374269,0.0010304556606107
A,paciente,0.9030470914127424,0.97953216374269,0.0009298598537597
A,paciente,0.9030470914127424,0.9824561403508771,0.0009183431881194
A,paciente,0.9044321329639889,0.9824561403508771,0.000909426632146
A,paciente,0.9044321329639889,0.9853801169590644,0.000848036066865
A,paciente,0.9127423822714681,0.9853801169590644,0.0007258917848012
A,paciente,0.9127423822714681,0.9883040935672515,0.0006554408367838
A,paciente,0.9307479224376731,0.9883040935672515,0.0002793516178547
A,paciente,0.9307479224376731,0.9912280701754386,0.000271757332106
A,paciente,0.9349030470914127,0.9912280701754386,0.0002191531973136
A,paciente,0.9349030470914127,0.9941520467836257,0.0002049710689506
A,paciente,0.9487534626038782,0.9941520467836257,0.0001126401965101
A,paciente,0.9487534626038782,0.9970760233918129,9.702050933455822e-05
A,paciente,0.9695290858725761,0.9970760233918129,1.080406489589206e-05
A,paciente,0.9695290858725761,1.0,8.299895889356906e-06
A,paciente,1.0,1.0,1.3073110369732764e-09
B,imagem,0.0,0.0,inf
B,imagem,0.0,0.0016474464579901153,0.9999999990677118
B,imagem,0.0007886435331230284,0.0016474464579901153,0.9999999751865648
B,imagem,0.0007886435331230284,0.004942339373970346,0.999999674833159
B,imagem,0.0015772870662460567,0.004942339373970346,0.9999995753430018
B,imagem,0.0015772870662460567,0.0214168039538715,0.9999801670865908
B,imagem,0.0031545741324921135,0.0214168039538715,0.9999776375969764
B,imagem,0.0031545741324921135,0.02471169686985173,0.9999734241340226
B,imagem,0.00473186119873817,0.02471169686985173,0.9999688677047832
B,imagem,0.00473186119873817,0.03130148270181219,0.9999317978403556
B,imagem,0.005520504731861199,0.03130148270181219,0.999931582239852
B,imagem,0.005520504731861199,0.03459637561779242,0.9999261899542212
B,imagem,0.006309148264984227,0.03459637561779242,0.9998863777927148
B,imagem,0.006309148264984227,0.036243822075782535,0.9998853089273366
B,imagem,0.00946372239747634,0.036243822075782535,0.9998463545267054
B,imagem,0.00946372239747634,0.04118616144975288,0.9997991716065148
B,imagem,0.01025236593059937,0.04118616144975288,0.9997873418465918
B,imagem,0.01025236593059937,0.042833607907743,0.9997839318775678
B,imagem,0.011041009463722398,0.042833607907743,0.9997679467024924
B,imagem,0.011041009463722398,0.04612850082372323,0.9997384530321176
B,imagem,0.011829652996845425,0.04612850082372323,0.999705376986017
B,imagem,0.011829652996845425,0.047775947281713346,0.999678079013277
B,imagem,0.013406940063091483,0.047775947281713346,0.9996251002685724
B,imagem,0.013406940063091483,0.051070840197693576,0.9995972084519652
B,imagem,0.014195583596214511,0.051070840197693576,0.9995874332330308
B,imagem,0.014195583596214511,0.054365733113673806,0.9995650105099664
B,imagem,0.01498422712933754,0.054365733113673806,0.9994994651481272
B,imagem,0.01498422712933754,0.05930807248764415,0.9994821148877832
B,imagem,0.015772870662460567,0.05930807248764415,0.9994732375677692
B,imagem,0.015772870662460567,0.06754530477759473,0.9992994282199524
B,imagem,0.016561514195583597,0.06754530477759473,0.9992462963388016
B,imagem,0.016561514195583597,0.07084019769357495,0.9992043928284432
B,imagem,0.018138801261829655,0.07084019769357495,0.9991651910364552
B,imagem,0.018138801261829655,0.08072487644151564,0.9990247936776884
B,imagem,0.01892744479495268,0.08072487644151564,0.9990053390863142
B,imagem,0.01892744479495268,0.08237232289950576,0.9989934282140776
B,imagem,0.01971608832807571,0.08237232289950576,0.9989457356178983
B,imagem,0.01971608832807571,0.08731466227347612,0.9988700400653758
B,imagem,0.02050473186119874,0.08731466227347612,0.9987698814409391
B,imagem,0.02050473186119874,0.09060955518945635,0.9987156134403048
B,imagem,0.022870662460567823,0.09060955518945635,0.9986127490391116
B,imagem,0.022870662460567823,0.09225700164744646,0.9985659426848787
B,imagem,0.02444794952681388,0.09225700164744646,0.9985286295501132
B,imagem,0.02444794952681388,0.09884678747940692,0.9982456554841908
B,imagem,0.025236593059936908,0.09884678747940692,0.9981964659780248
B,imagem,0.025236593059936908,0.10214168039538715,0.9981567424212392
B,imagem,0.026025236593059938,0.10214168039538715,0.9981401330256386
B,imagem,0.026025236593059938,0.11202635914332784,0.9979394485783316
B,imagem,0.02996845425867508,0.11202635914332784,0.9977898945383497
B,imagem,0.02996845425867508,0.1186161449752883,0.997658647572666
B,imagem,0.030757097791798107,0.1186161449752883,0.9974638675093012
B,imagem,0.030757097791798107,0.12355848434925865,0.997249679464094
B,imagem,0.031545741324921134,0.12355848434925865,0.9971283577104902
B,imagem,0.031545741324921134,0.12685337726523888,0.9969103525029624
B,imagem,0.032334384858044164,0.12685337726523888,0.9968480710947812
B,imagem,0.032334384858044164,0.13673805601317957,0.9965968577644836
B,imagem,0.033123028391167195,0.13673805601317957,0.9965898876883504
B,imagem,0.033123028391167195,0.13838550247116968,0.9963746742196604
B,imagem,0.03391167192429022,0.13838550247116968,0.9962929711494194
B,imagem,0.03391167192429022,0.1400329489291598,0.9962051972128348
B,imagem,0.03627760252365931,0.1400329489291598,0.996023133646755
B,imagem,0.03627760252365931,0.1416803953871499,0.9959442802651416
B,imagem,0.03706624605678233,0.1416803953871499,0.9959001230404744
B,imagem,0.03706624605678233,0.14497528830313014,0.9957692882947788
B,imagem,0.038643533123028394,0.14497528830313014,0.9955799093287642
B,imagem,0.038643533123028394,0.15485996705107083,0.9951515542477138
B,imagem,0.04100946372239748,0.15485996705107083,0.994655389024817
B,imagem,0.04100946372239748,0.15980230642504117,0.9944842851610282
B,imagem,0.0417981072555205,0.15980230642504117,0.9944420698782124
B,imagem,0.0417981072555205,0.16639209225700163,0.994240972225701
B,imagem,0.04416403785488959,0.16639209225700163,0.9940280841847272
B,imagem,0.04416403785488959,0.17792421746293247,0.9933807020170335
B,imagem,0.044952681388012616,0.17792421746293247,0.9931639381220626
B,imagem,0.044952681388012616,0.1812191103789127,0.9928922755397492
B,imagem,0.04652996845425868,0.1812191103789127,0.9928308259246414
B,imagem,0.04652996845425868,0.18616144975288304,0.9923972956127476
B,imagem,0.0473186119873817,0.18616144975288304,0.9923735093887384
B,imagem,0.0473186119873817,0.18780889621087316,0.9922049107652384
B,imagem,0.04810725552050473,0.18780889621087316,0.991997785611849
B,imagem,0.04810725552050473,0.1927512355848435,0.9907129553479171
B,imagem,0.04968454258675079,0.1927512355848435,0.99059359849103
B,imagem,0.04968454258675079,0.19604612850082373,0.9902606522586778
B,imagem,0.050473186119873815,0.19604612850082373,0.9901027487042062
B,imagem,0.050473186119873815,0.19934102141680396,0.9896980561656646
B,imagem,0.051261829652996846,0.19934102141680396,0.989527765608121
B,imagem,0.051261829652996846,0.2042833607907743,0.9886204944603684
B,imagem,0.052050473186119876,0.2042833607907743,0.9883577258439724
B,imagem,0.052050473186119876,0.20922570016474465,0.9874805672987976
B,imagem,0.05362776025236593,0.20922570016474465,0.9870937465680564
B,imagem,0.05362776025236593,0.21087314662273476,0.9869767474459544
B,imagem,0.05441640378548896,0.21087314662273476,0.9868688826327598
B,imagem,0.05441640378548896,0.214168039538715,0.9866129237372708
B,imagem,0.055993690851735015,0.214168039538715,0.9862502243960908
B,imagem,0.055993690851735015,0.22240527182866557,0.9854950880523924
B,imagem,0.05914826498422713,0.22240527182866557,0.9848270256847934
B,imagem,0.05914826498422713,0.2257001647446458,0.9845504314834492
B,imagem,0.06072555205047318,0.2257001647446458,0.9839849787766598
B,imagem,0.06072555205047318,0.2273476112026359,0.9838717038021876
B,imagem,0.062302839116719244,0.2273476112026359,0.9837055320059503
B,imagem,0.062302839116719244,0.23064250411861614,0.9834148029680628
B,imagem,0.06545741324921135,0.23064250411861614,0.9814562810164368
B,imagem,0.06545741324921135,0.2355848434925865,0.9807816481361404
B,imagem,0.06703470031545741,0.2355848434925865,0.9804950283239968
B,imagem,0.06703470031545741,0.23887973640856672,0.9802821096970292
B,imagem,0.07018927444794952,0.23887973640856672,0.9791884665277572
B,imagem,0.07018927444794952,0.24382207578253706,0.9784137466672936
B,imagem,0.07097791798107256,0.24382207578253706,0.978310691075978
B,imagem,0.07097791798107256,0.2471169686985173,0.9781151374228932
B,imagem,0.07176656151419558,0.2471169686985173,0.9780158222299596
B,imagem,0.07176656151419558,0.2487644151565074,0.9779679037713506
B,imagem,0.07255520504731862,0.2487644151565074,0.9775406240331436
B,imagem,0.07255520504731862,0.25205930807248766,0.977070187509414
B,imagem,0.07413249211356467,0.25205930807248766,0.9765346983191944
B,imagem,0.07413249211356467,0.25370675453047775,0.9763175264011628
B,imagem,0.07649842271293375,0.25370675453047775,0.9753823440849596
B,imagem,0.07649842271293375,0.2553542009884679,0.9750396008412766
B,imagem,0.07728706624605679,0.2553542009884679,0.9749920142518584
B,imagem,0.07728706624605679,0.257001647446458,0.9746873441116112
B,imagem,0.07886435331230283,0.257001647446458,0.974111827873327
B,imagem,0.07886435331230283,0.2586490939044481,0.9739172474740768
B,imagem,0.07965299684542587,0.2586490939044481,0.9738174141468317
B,imagem,0.07965299684542587,0.2602965403624382,0.9737462920031512
B,imagem,0.0804416403785489,0.2602965403624382,0.9734381347900256
B,imagem,0.0804416403785489,0.26359143327841844,0.973076901257607
B,imagem,0.08123028391167192,0.26359143327841844,0.9728449384240574
B,imagem,0.08123028391167192,0.2652388797364086,0.972702271131708
B,imagem,0.08280757097791798,0.2652388797364086,0.971927213843417
B,imagem,0.08280757097791798,0.2685337726523888,0.9714952402593604
B,imagem,0.08438485804416404,0.2685337726523888,0.9713715645822114
B,imagem,0.08438485804416404,0.2701812191103789,0.9707093066565292
B,imagem,0.08517350157728706,0.2701812191103789,0.9706886247717824
B,imagem,0.08517350157728706,0.27347611202635913,0.9699913868648262
B,imagem,0.0859621451104101,0.27347611202635913,0.9699316538133496
B,imagem,0.0859621451104101,0.2784184514003295,0.969311446403557
B,imagem,0.08753943217665615,0.2784184514003295,0.9691116173600982
B,imagem,0.08753943217665615,0.2800658978583196,0.9683545795696388
B,imagem,0.0914826498422713,0.2800658978583196,0.9668482997740768
B,imagem,0.0914826498422713,0.28665568369028005,0.9657381048236684
B,imagem,0.09227129337539432,0.28665568369028005,0.9652960362237468
B,imagem,0.09227129337539432,0.2899505766062603,0.9647155339824808
B,imagem,0.09384858044164038,0.2899505766062603,0.9641969463441928
B,imagem,0.09384858044164038,0.2932454695222405,0.9641472958580992
B,imagem,0.0946372239747634,0.2932454695222405,0.9639137930314864
B,imagem,0.0946372239747634,0.29654036243822074,0.9634841363765232
B,imagem,0.09542586750788644,0.29654036243822074,0.9633265026288436
B,imagem,0.09542586750788644,0.29983525535420097,0.9612466295351602
B,imagem,0.09779179810725552,0.29983525535420097,0.9610048189706571
B,imagem,0.09779179810725552,0.3014827018121911,0.9610002555315316
B,imagem,0.09858044164037855,0.3014827018121911,0.9603927397248504
B,imagem,0.09858044164037855,0.3031301482701812,0.9599647356603276
B,imagem,0.09936908517350158,0.3031301482701812,0.959700172702406
B,imagem,0.09936908517350158,0.30477759472817134,0.9596916859856328
B,imagem,0.10094637223974763,0.30477759472817134,0.9594259059005944
B,imagem,0.10094637223974763,0.30642504118616143,0.9590395619504156
B,imagem,0.10173501577287067,0.30642504118616143,0.9588190175052134
B,imagem,0.10173501577287067,0.30807248764415157,0.9587523475000876
B,imagem,0.10252365930599369,0.30807248764415157,0.9587410069621928
B,imagem,0.10252365930599369,0.30971993410214166,0.9586947334177516
B,imagem,0.10804416403785488,0.30971993410214166,0.9549896650799732
B,imagem,0.10804416403785488,0.3113673805601318,0.9539948230741994
B,imagem,0.10962145110410094,0.3113673805601318,0.9535304889664916
B,imagem,0.10962145110410094,0.3130148270181219,0.9530852230340884
B,imagem,0.11041009463722397,0.3130148270181219,0.9529049216172552
B,imagem,0.11041009463722397,0.31466227347611203,0.9525436994567154
B,imagem,0.11198738170347003,0.31466227347611203,0.9518678058086186
B,imagem,0.11198738170347003,0.3228995057660626,0.9489128065557888
B,imagem,0.11356466876971609,0.3228995057660626,0.947794014636
B,imagem,0.11356466876971609,0.3245469522240527,0.9468328467531956
B,imagem,0.11750788643533124,0.3245469522240527,0.9446675767356442
B,imagem,0.11750788643533124,0.32948929159802304,0.9423962993435936
B,imagem,0.11829652996845426,0.32948929159802304,0.9415559327444356
B,imagem,0.11829652996845426,0.33278418451400327,0.9410977999771762
B,imagem,0.11908517350157728,0.33278418451400327,0.9409288035093308
B,imagem,0.11908517350157728,0.3344316309719934,0.9407428274592676
B,imagem,0.12066246056782334,0.3344316309719934,0.939798434585398
B,imagem,0.12066246056782334,0.33607907742998355,0.9391963412831832
B,imagem,0.12145110410094637,0.33607907742998355,0.9390594750596872
B,imagem,0.12145110410094637,0.33772652388797364,0.9382639539121757
B,imagem,0.1222397476340694,0.33772652388797364,0.9381099869874288
B,imagem,0.1222397476340694,0.34596375617792424,0.9345313214103992
B,imagem,0.12302839116719243,0.34596375617792424,0.9344379812555688
B,imagem,0.12302839116719243,0.34761120263591433,0.9334684326563532
B,imagem,0.12460567823343849,0.34761120263591433,0.9331933685552192
B,imagem,0.12460567823343849,0.34925864909390447,0.9280475642686612
B,imagem,0.1253943217665615,0.34925864909390447,0.9279602223787426
B,imagem,0.1253943217665615,0.35090609555189456,0.9260695571754548
B,imagem,0.12618296529968454,0.35090609555189456,0.9251165559040594
B,imagem,0.12618296529968454,0.357495881383855,0.9228247688821166
B,imagem,0.12697160883280756,0.357495881383855,0.9220846669252656
B,imagem,0.12697160883280756,0.35914332784184516,0.9220655301005244
B,imagem,0.1309148264984227,0.35914332784184516,0.9201925556173765
B,imagem,0.1309148264984227,0.36079077429983525,0.9181172342382669
B,imagem,0.13170347003154576,0.36079077429983525,0.9180358595032958
B,imagem,0.13170347003154576,0.3657331136738056,0.9174118822549948
B,imagem,0.13249211356466878,0.3657331136738056,0.9173076325925792
B,imagem,0.13249211356466878,0.3673805601317957,0.9171665214538576
B,imagem,0.1332807570977918,0.3673805601317957,0.9166231885987148
B,imagem,0.1332807570977918,0.3756177924217463,0.91373000228792
B,imagem,0.13406940063091483,0.3756177924217463,0.9127942719058764
B,imagem,0.13406940063091483,0.3772652388797364,0.9114016324386056
B,imagem,0.13564668769716087,0.3772652388797364,0.9101487184820368
B,imagem,0.13564668769716087,0.3805601317957166,0.9083038354044553
B,imagem,0.13643533123028392,0.3805601317957166,0.9078880776156368
B,imagem,0.13643533123028392,0.38220757825370677,0.9061922237052988
B,imagem,0.13722397476340695,0.38220757825370677,0.905699317331434
B,imagem,0.13722397476340695,0.385502471169687,0.904662625390828
B,imagem,0.14353312302839116,0.385502471169687,0.8970843565734822
B,imagem,0.14353312302839116,0.38879736408566723,0.8948472610854192
B,imagem,0.14668769716088328,0.38879736408566723,0.8931897345100842
B,imagem,0.14668769716088328,0.39209225700164746,0.8906677130347672
B,imagem,0.1474763406940063,0.39209225700164746,0.8888151772848749
B,imagem,0.1474763406940063,0.39373970345963755,0.8885101608654895
B,imagem,0.14826498422712933,0.39373970345963755,0.8885011846337617
B,imagem,0.14826498422712933,0.3970345963756178,0.8878840383376831
B,imagem,0.14905362776025236,0.3970345963756178,0.8870920660644185
B,imagem,0.14905362776025236,0.3986820428336079,0.8853513484940874
B,imagem,0.1498422712933754,0.3986820428336079,0.8851330675360725
B,imagem,0.1498422712933754,0.400329489291598,0.8837713397193652
B,imagem,0.15141955835962145,0.400329489291598,0.8810374964541329
B,imagem,0.15141955835962145,0.40197693574958815,0.8809233894305146
B,imagem,0.1529968454258675,0.40197693574958815,0.8789493519104974
B,imagem,0.1529968454258675,0.40362438220757824,0.8782505277757379
B,imagem,0.15378548895899052,0.40362438220757824,0.8780269805503812
B,imagem,0.15378548895899052,0.40691927512355847,0.8747764385522957
B,imagem,0.1553627760252366,0.40691927512355847,0.8737955993187134
B,imagem,0.1553627760252366,0.4102141680395387,0.870484277060783
B,imagem,0.15694006309148265,0.4102141680395387,0.8684875301171829
B,imagem,0.15694006309148265,0.41515650741350907,0.8660674657230177
B,imagem,0.15772870662460567,0.41515650741350907,0.8657902029095339
B,imagem,0.15772870662460567,0.4184514003294893,0.862595846345832
B,imagem,0.15930599369085174,0.4184514003294893,0.8603210127036568
B,imagem,0.15930599369085174,0.4200988467874794,0.8595359896512995
B,imagem,0.16009463722397477,0.4200988467874794,0.8590503195068666
B,imagem,0.16009463722397477,0.4233937397034596,0.8576708254953386
B,imagem,0.1608832807570978,0.4233937397034596,0.8567943552082021
B,imagem,0.1608832807570978,0.42833607907743,0.8517257251649144
B,imagem,0.16167192429022081,0.42833607907743,0.8497672628960435
B,imagem,0.16167192429022081,0.4332784184514003,0.8478720721055882
B,imagem,0.16482649842271294,0.4332784184514003,0.8457964958087945
B,imagem,0.16482649842271294,0.43492586490939045,0.8445544656485484
B,imagem,0.16876971608832808,0.43492586490939045,0.8428023468683637
B,imagem,0.16876971608832808,0.4415156507413509,0.840690276291962
B,imagem,0.17034700315457413,0.4415156507413509,0.8367463903727282
B,imagem,0.17034700315457413,0.44481054365733114,0.8354147428326066
B,imagem,0.17271293375394323,0.44481054365733114,0.8318323632630901
B,imagem,0.17271293375394323,0.4464579901153213,0.8315622670460362
B,imagem,0.17429022082018927,0.4464579901153213,0.8281915179189625
B,imagem,0.17429022082018927,0.4497528830313015,0.8226602441852386
B,imagem,0.1750788643533123,0.4497528830313015,0.8214246085801242
B,imagem,0.1750788643533123,0.45304777594728174,0.8209615580584967
B,imagem,0.17665615141955837,0.45304777594728174,0.8189065728643148
B,imagem,0.17665615141955837,0.4546952224052718,0.8184635996189811
B,imagem,0.1774447949526814,0.4546952224052718,0.8182708781487368
B,imagem,0.1774447949526814,0.45799011532125206,0.813958824851572
B,imagem,0.17823343848580442,0.45799011532125206,0.8137216746702988
B,imagem,0.17823343848580442,0.4596375617792422,0.8137181627575651
B,imagem,0.17902208201892744,0.4596375617792422,0.8109407423013678
B,imagem,0.17902208201892744,0.4645799011532125,0.808910824178075
B,imagem,0.18217665615141956,0.4645799011532125,0.7987860940963323
B,imagem,0.18217665615141956,0.4695222405271829,0.7963791643900109
B,imagem,0.1829652996845426,0.4695222405271829,0.7951505033840555
B,imagem,0.1829652996845426,0.471169686985173,0.7946442676103156
B,imagem,0.1837539432176656,0.471169686985173,0.7933826583510615
B,imagem,0.1837539432176656,0.4728171334431631,0.7919787717155017
B,imagem,0.18454258675078863,0.4728171334431631,0.7913535190784805
B,imagem,0.18454258675078863,0.4744645799011532,0.791019022376136
B,imagem,0.1861198738170347,0.4744645799011532,0.7871448018322901
B,imagem,0.1861198738170347,0.4843492586490939,0.7755936718482523
B,imagem,0.18848580441640378,0.4843492586490939,0.7738158400008216
B,imagem,0.18848580441640378,0.48599670510708404,0.7723843668768132
B,imagem,0.1892744479495268,0.48599670510708404,0.7720700746835941
B,imagem,0.1892744479495268,0.49093904448105435,0.7621356623349533
B,imagem,0.19006309148264985,0.49093904448105435,0.7618173434294276
B,imagem,0.19006309148264985,0.4925864909390445,0.758002876264652
B,imagem,0.19085173501577288,0.4925864909390445,0.754836915475921
B,imagem,0.19085173501577288,0.4942339373970346,0.7524348838617658
B,imagem,0.1916403785488959,0.4942339373970346,0.7497315574124618
B,imagem,0.1916403785488959,0.4975288303130148,0.7490519878931552
B,imagem,0.19321766561514195,0.4975288303130148,0.7454445034979962
B,imagem,0.19321766561514195,0.49917627677100496,0.7446117538062824
B,imagem,0.19479495268138802,0.49917627677100496,0.7415023477966166
B,imagem,0.19479495268138802,0.500823723228995,0.7410400196635888
B,imagem,0.19558359621451105,0.500823723228995,0.7408063253535783
B,imagem,0.19558359621451105,0.5024711696869851,0.7372277952240518
B,imagem,0.19637223974763407,0.5024711696869851,0.736159183574885
B,imagem,0.19637223974763407,0.5041186161449753,0.7320405159018297
B,imagem,0.20031545741324921,0.5041186161449753,0.7213983682694506
B,imagem,0.20031545741324921,0.5074135090609555,0.717585610459222
B,imagem,0.20189274447949526,0.5074135090609555,0.7119754167158181
B,imagem,0.20189274447949526,0.5090609555189456,0.7095956123202164
B,imagem,0.20268138801261829,0.5090609555189456,0.70860922327271
B,imagem,0.20268138801261829,0.5107084019769358,0.705877818893039
B,imagem,0.20347003154574134,0.5107084019769358,0.7046355084650693
B,imagem,0.20347003154574134,0.5123558484349259,0.7035835964870022
B,imagem,0.20425867507886436,0.5123558484349259,0.7033824300945102
B,imagem,0.20425867507886436,0.514003294892916,0.7024309361460547
B,imagem,0.2058359621451104,0.514003294892916,0.698723214215212
B,imagem,0.2058359621451104,0.5172981878088962,0.6965084038325403
B,imagem,0.20662460567823343,0.5172981878088962,0.6930446662988335
B,imagem,0.20662460567823343,0.5189456342668863,0.6919737533576978
B,imagem,0.2082018927444795,0.5189456342668863,0.6909671208406444
B,imagem,0.2082018927444795,0.5222405271828665,0.6886871689667127
B,imagem,0.21293375394321767,0.5222405271828665,0.6794231764137547
B,imagem,0.21293375394321767,0.5238879736408567,0.6773551076287372
B,imagem,0.21766561514195584,0.5238879736408567,0.6642205301023617
B,imagem,0.21766561514195584,0.5255354200988468,0.6640342906801247
B,imagem,0.21845425867507887,0.5255354200988468,0.6630052116324923
B,imagem,0.21845425867507887,0.5271828665568369,0.6583163148563729
B,imagem,0.2192429022082019,0.5271828665568369,0.6573836050032812
B,imagem,0.2192429022082019,0.5354200988467874,0.6536549578080105
B,imagem,0.2200315457413249,0.5354200988467874,0.6528075382470185
B,imagem,0.2200315457413249,0.5370675453047776,0.651475403538055
B,imagem,0.22555205047318613,0.5370675453047776,0.6439341983902228
B,imagem,0.22555205047318613,0.5387149917627677,0.643499776469696
B,imagem,0.23422712933753942,0.5387149917627677,0.6228442319772638
B,imagem,0.23422712933753942,0.5403624382207578,0.6227216473667744
B,imagem,0.23659305993690852,0.5403624382207578,0.6172219441468773
B,imagem,0.23659305993690852,0.5420098846787479,0.6154635952951155
B,imagem,0.23974763406940064,0.5420098846787479,0.6080943653191205
B,imagem,0.23974763406940064,0.5436573311367381,0.6070703775314441
B,imagem,0.24053627760252366,0.5436573311367381,0.6034611353434977
B,imagem,0.24053627760252366,0.5453047775947282,0.5930908796109221
B,imagem,0.24132492113564669,0.5453047775947282,0.5922998088666102
B,imagem,0.24132492113564669,0.5469522240527183,0.5911415279844631
B,imagem,0.24369085173501578,0.5469522240527183,0.58742968298894
B,imagem,0.24369085173501578,0.5502471169686985,0.5850449549631104
B,imagem,0.25,0.5502471169686985,0.5731982860387449
B,imagem,0.25,0.5535420098846787,0.5687441443820361
B,imagem,0.25157728706624605,0.5535420098846787,0.5680376772309594
B,imagem,0.25157728706624605,0.5551894563426688,0.5649483390116877
B,imagem,0.2547318611987382,0.5551894563426688,0.5621451743299881
B,imagem,0.2547318611987382,0.5584843492586491,0.5548090859131953
B,imagem,0.25630914826498424,0.5584843492586491,0.5539773035491963
B,imagem,0.25630914826498424,0.5601317957166392,0.5536982317232783
B,imagem,0.2586750788643533,0.5601317957166392,0.5494174947917326
B,imagem,0.2586750788643533,0.5617792421746294,0.5491957836535856
B,imagem,0.26261829652996843,0.5617792421746294,0.5267594488403161
B,imagem,0.26261829652996843,0.5634266886326195,0.5250975403941105
B,imagem,0.2665615141955836,0.5634266886326195,0.5157835144505796
B,imagem,0.2665615141955836,0.5700164744645799,0.5125112464773248
B,imagem,0.26735015772870663,0.5700164744645799,0.5116560311601018
B,imagem,0.26735015772870663,0.5733113673805601,0.5104471496396337
B,imagem,0.2705047318611987,0.5733113673805601,0.5015417273862652
B,imagem,0.2705047318611987,0.5749588138385503,0.5008298098227095
B,imagem,0.27917981072555204,0.5749588138385503,0.4803098734966647
B,imagem,0.27917981072555204,0.5799011532125206,0.4756799865744632
B,imagem,0.27996845425867506,0.5799011532125206,0.4743878686259659
B,imagem,0.27996845425867506,0.5815485996705108,0.4736089543297677
B,imagem,0.28154574132492116,0.5815485996705108,0.4719031881843637
B,imagem,0.28154574132492116,0.5831960461285008,0.4717883033860729
B,imagem,0.28391167192429023,0.5831960461285008,0.4645084632324973
B,imagem,0.28391167192429023,0.5848434925864909,0.4617985658977002
B,imagem,0.2854889589905363,0.5848434925864909,0.4575735579294699
B,imagem,0.2854889589905363,0.586490939044481,0.4549262238864384
B,imagem,0.2862776025236593,0.586490939044481,0.454515883084877
B,imagem,0.2862776025236593,0.5897858319604613,0.4524959793165282
B,imagem,0.2870662460567823,0.5897858319604613,0.4506169723370188
B,imagem,0.2870662460567823,0.5930807248764415,0.4481343661124627
B,imagem,0.2894321766561514,0.5930807248764415,0.4454154988969562
B,imagem,0.2894321766561514,0.5963756177924218,0.4444153581582029
B,imagem,0.2902208201892745,0.5963756177924218,0.4417676145223344
B,imagem,0.2902208201892745,0.5980230642504119,0.4412449358663302
B,imagem,0.2910094637223975,0.5980230642504119,0.439895083783704
B,imagem,0.2910094637223975,0.5996705107084019,0.4365909760620286
B,imagem,0.29258675078864355,0.5996705107084019,0.4340630913486322
B,imagem,0.29258675078864355,0.6029654036243822,0.4296243168378381
B,imagem,0.29652996845425866,0.6029654036243822,0.4197662999009286
B,imagem,0.29652996845425866,0.6062602965403624,0.4165053829141261
B,imagem,0.2973186119873817,0.6062602965403624,0.4154420354347963
B,imagem,0.2973186119873817,0.6079077429983526,0.4140433254514084
B,imagem,0.2981072555205047,0.6079077429983526,0.413926537911968
B,imagem,0.2981072555205047,0.6112026359143328,0.4089634420391472
B,imagem,0.3020504731861199,0.6112026359143328,0.3971763710905462
B,imagem,0.3020504731861199,0.6128500823723229,0.3967565974991318
B,imagem,0.3028391167192429,0.6128500823723229,0.3963078908313555
B,imagem,0.3028391167192429,0.6144975288303131,0.3942234182255413
B,imagem,0.305993690851735,0.6144975288303131,0.3875783510841062
B,imagem,0.305993690851735,0.6161449752883031,0.384314335053218
B,imagem,0.3083596214511041,0.6161449752883031,0.3835140548713037
B,imagem,0.3083596214511041,0.6177924217462932,0.3813602097205651
B,imagem,0.30914826498422715,0.6177924217462932,0.3809478615016126
B,imagem,0.30914826498422715,0.6194398682042833,0.3777785897639258
B,imagem,0.3115141955835962,0.6194398682042833,0.3755112218260407
B,imagem,0.3115141955835962,0.6210873146622735,0.3747548995029692
B,imagem,0.31230283911671924,0.6210873146622735,0.3742379966872161
B,imagem,0.31230283911671924,0.6227347611202636,0.3706610640934812
B,imagem,0.31782334384858046,0.6227347611202636,0.3635679475237479
B,imagem,0.31782334384858046,0.6243822075782537,0.3612424157771556
B,imagem,0.3194006309148265,0.6243822075782537,0.3603086938727082
B,imagem,0.3194006309148265,0.6326194398682042,0.3554109500001935
B,imagem,0.32097791798107256,0.6326194398682042,0.3544356625975716
B,imagem,0.32097791798107256,0.6342668863261944,0.3485561768997707
B,imagem,0.32334384858044163,0.6342668863261944,0.3442132282115692
B,imagem,0.32334384858044163,0.6359143327841845,0.3432017209058483
B,imagem,0.3249211356466877,0.6359143327841845,0.3407550004864711
B,imagem,0.3249211356466877,0.6375617792421746,0.3389236612236972
B,imagem,0.3272870662460568,0.6375617792421746,0.3347683706110049
B,imagem,0.3272870662460568,0.6392092257001647,0.3347680938122976
B,imagem,0.3280757097791798,0.6392092257001647,0.3318256278107407
B,imagem,0.3280757097791798,0.6441515650741351,0.3282660367602601
B,imagem,0.32965299684542587,0.6441515650741351,0.32566950701625
B,imagem,0.32965299684542587,0.6457990115321252,0.3253220269030538
B,imagem,0.3312302839116719,0.6457990115321252,0.321642783627831
B,imagem,0.3312302839116719,0.6474464579901154,0.3172023198505748
B,imagem,0.334384858044164,0.6474464579901154,0.3120004263884019
B,imagem,0.334384858044164,0.6490939044481054,0.3107089815032481
B,imagem,0.34069400630914826,0.6490939044481054,0.2990878984754108
B,imagem,0.34069400630914826,0.6507413509060955,0.2987401434188724
B,imagem,0.3414826498422713,0.6507413509060955,0.2977376348485603
B,imagem,0.3414826498422713,0.6556836902800659,0.2902927012538243
B,imagem,0.3509463722397476,0.6556836902800659,0.2808114880862917
B,imagem,0.3509463722397476,0.657331136738056,0.2769587831181343
B,imagem,0.35173501577287064,0.657331136738056,0.2767793706794479
B,imagem,0.35173501577287064,0.6589785831960461,0.2753718029834843
B,imagem,0.35331230283911674,0.6589785831960461,0.2732357347299378
B,imagem,0.35331230283911674,0.6606260296540363,0.2714668727633608
B,imagem,0.3548895899053628,0.6606260296540363,0.2702166470758545
B,imagem,0.3548895899053628,0.6622734761120264,0.2697702529788454
B,imagem,0.3580441640378549,0.6622734761120264,0.2640010547211684
B,imagem,0.3580441640378549,0.6639209225700164,0.2617529792311027
B,imagem,0.35962145110410093,0.6639209225700164,0.2609302257430544
B,imagem,0.35962145110410093,0.6655683690280065,0.2575784466245863
B,imagem,0.36198738170347006,0.6655683690280065,0.2526705455824715
B,imagem,0.36198738170347006,0.6672158154859967,0.251313149886575
B,imagem,0.3627760252365931,0.6672158154859967,0.2510022994060066
B,imagem,0.3627760252365931,0.6721581548599671,0.2491363193836579
B,imagem,0.3643533123028391,0.6721581548599671,0.2474125678547656
B,imagem,0.3643533123028391,0.6738056013179572,0.2459418087809759
B,imagem,0.36514195583596215,0.6738056013179572,0.2459139238431752
B,imagem,0.36514195583596215,0.6754530477759473,0.2455961203934759
B,imagem,0.36829652996845424,0.6754530477759473,0.2411947071768069
B,imagem,0.36829652996845424,0.6820428336079077,0.2355420367830705
B,imagem,0.3698738170347003,0.6820428336079077,0.2350350763314249
B,imagem,0.3698738170347003,0.6836902800658978,0.2347590420482736
B,imagem,0.37066246056782337,0.6836902800658978,0.2346375317181699
B,imagem,0.37066246056782337,0.6869851729818781,0.2341078257137848
B,imagem,0.3714511041009464,0.6869851729818781,0.2327390723431123
B,imagem,0.3714511041009464,0.6902800658978583,0.2314575451201662
B,imagem,0.37302839116719244,0.6902800658978583,0.2307539127628677
B,imagem,0.37302839116719244,0.6919275123558485,0.2278344686404555
B,imagem,0.37381703470031546,0.6919275123558485,0.2276577349737997
B,imagem,0.37381703470031546,0.6952224052718287,0.2265895334359384
B,imagem,0.3746056782334385,0.6952224052718287,0.2252953006370721
B,imagem,0.3746056782334385,0.6968698517298187,0.2244381439470585
B,imagem,0.37618296529968454,0.6968698517298187,0.2221506951937003
B,imagem,0.37618296529968454,0.6985172981878089,0.2217835827212525
B,imagem,0.37933753943217663,0.6985172981878089,0.220321494183239
B,imagem,0.37933753943217663,0.7018121911037891,0.2174902117151033
B,imagem,0.3824921135646688,0.7018121911037891,0.21337670210831
B,imagem,0.3824921135646688,0.7034596375617792,0.2118086367860989
B,imagem,0.3840694006309148,0.7034596375617792,0.2082379900847805
B,imagem,0.3840694006309148,0.7051070840197694,0.2072925786228284
B,imagem,0.3864353312302839,0.7051070840197694,0.2030687580829653
B,imagem,0.3864353312302839,0.7067545304777595,0.2027734019792356
B,imagem,0.3872239747634069,0.7067545304777595,0.2021654783457807
B,imagem,0.3872239747634069,0.7100494233937397,0.2006046020363898
B,imagem,0.388801261829653,0.7100494233937397,0.1981651550818479
B,imagem,0.388801261829653,0.71334431630972,0.1933059609497493
B,imagem,0.39589905362776023,0.71334431630972,0.1847160522745747
B,imagem,0.39589905362776023,0.71499176276771,0.1845625341916115
B,imagem,0.39826498422712936,0.71499176276771,0.1786613997985106
B,imagem,0.39826498422712936,0.7166392092257001,0.1786251862804599
B,imagem,0.3990536277602524,0.7166392092257001,0.1779260255328415
B,imagem,0.3990536277602524,0.7182866556836903,0.1778763698303899
B,imagem,0.3998422712933754,0.7182866556836903,0.1768877290235946
B,imagem,0.3998422712933754,0.7232289950576606,0.1740520314305042
B,imagem,0.4037854889589905,0.7232289950576606,0.1671724245804311
B,imagem,0.4037854889589905,0.7248764415156508,0.1671433220853474
B,imagem,0.40536277602523657,0.7248764415156508,0.1647200527281854
B,imagem,0.40536277602523657,0.7265238879736409,0.1643659049090091
B,imagem,0.4061514195583596,0.7265238879736409,0.1617327215912177
B,imagem,0.4061514195583596,0.728171334431631,0.1616421274123414
B,imagem,0.4069400630914827,0.728171334431631,0.160829827009058
B,imagem,0.4069400630914827,0.7314662273476112,0.1587056702303197
B,imagem,0.40930599369085174,0.7314662273476112,0.1563166532520881
B,imagem,0.40930599369085174,0.7347611202635914,0.1520434652775371
B,imagem,0.4148264984227129,0.7347611202635914,0.1425470915028857
B,imagem,0.4148264984227129,0.7380560131795717,0.1378727680524827
B,imagem,0.415615141955836,0.7380560131795717,0.1375128004525003
B,imagem,0.415615141955836,0.7397034596375618,0.1373170748237107
B,imagem,0.41798107255520506,0.7397034596375618,0.1357748881666876
B,imagem,0.41798107255520506,0.7446457990115322,0.1329531528982058
B,imagem,0.42113564668769715,0.7446457990115322,0.1267008002649716
B,imagem,0.42113564668769715,0.7479406919275123,0.1252099401720844
B,imagem,0.4227129337539432,0.7479406919275123,0.1244859825067295
B,imagem,0.4227129337539432,0.7512355848434926,0.1234776016055745
B,imagem,0.4242902208201893,0.7512355848434926,0.1220838842659995
B,imagem,0.4242902208201893,0.7528830313014827,0.1211032586534297
B,imagem,0.42586750788643535,0.7528830313014827,0.1201581667809229
B,imagem,0.42586750788643535,0.7545304777594728,0.1197252545214707
B,imagem,0.4274447949526814,0.7545304777594728,0.1189601594707149
B,imagem,0.4274447949526814,0.7561779242174629,0.1186661979596558
B,imagem,0.42902208201892744,0.7561779242174629,0.1162293341721023
B,imagem,0.42902208201892744,0.7594728171334432,0.1145326847115076
B,imagem,0.42981072555205047,0.7594728171334432,0.1133441167230308
B,imagem,0.42981072555205047,0.7611202635914333,0.1133007996305699
B,imagem,0.43375394321766564,0.7611202635914333,0.1109423268359146
B,imagem,0.43375394321766564,0.7627677100494233,0.1102088767256764
B,imagem,0.4353312302839117,0.7627677100494233,0.1087492441897814
B,imagem,0.4353312302839117,0.7644151565074135,0.1079725069767513
B,imagem,0.43690851735015773,0.7644151565074135,0.1072181214102771
B,imagem,0.43690851735015773,0.7660626029654036,0.1052017773963283
B,imagem,0.4392744479495268,0.7660626029654036,0.1022718675171476
B,imagem,0.4392744479495268,0.771004942339374,0.0992879165032073
B,imagem,0.44242902208201895,0.771004942339374,0.0983594959431208
B,imagem,0.44242902208201895,0.7726523887973641,0.0971161787398564
B,imagem,0.443217665615142,0.7726523887973641,0.0970999549013352
B,imagem,0.443217665615142,0.7742998352553542,0.0966892461067017
B,imagem,0.4471608832807571,0.7742998352553542,0.0949585594108526
B,imagem,0.4471608832807571,0.7759472817133443,0.0939117206087556
B,imagem,0.44952681388012616,0.7759472817133443,0.0913374517038122
B,imagem,0.44952681388012616,0.7775947281713345,0.091262439377844
B,imagem,0.45110410094637227,0.7775947281713345,0.0907229986147825
B,imagem,0.45110410094637227,0.7792421746293245,0.090416419885568
B,imagem,0.45425867507886436,0.7792421746293245,0.0889806828712552
B,imagem,0.45425867507886436,0.7808896210873146,0.0885463302721671
B,imagem,0.4582018927444795,0.7808896210873146,0.0850558303169491
B,imagem,0.4582018927444795,0.7841845140032949,0.0839274644270466
B,imagem,0.4589905362776025,0.7841845140032949,0.0837546764250483
B,imagem,0.4589905362776025,0.785831960461285,0.0837442659678139
B,imagem,0.4676656151419558,0.785831960461285,0.0786307970479868
B,imagem,0.4676656151419558,0.7891268533772653,0.0779132843972047
B,imagem,0.4692429022082019,0.7891268533772653,0.0772621237964791
B,imagem,0.4692429022082019,0.7907742998352554,0.0757235408058386
B,imagem,0.4747634069400631,0.7907742998352554,0.0739165923369822
B,imagem,0.4747634069400631,0.7924217462932455,0.0734906619147574
B,imagem,0.4802839116719243,0.7924217462932455,0.0685966451457583
B,imagem,0.4802839116719243,0.7940691927512356,0.0685497089258336
B,imagem,0.4810725552050473,0.7940691927512356,0.0683836761521743
B,imagem,0.4810725552050473,0.7957166392092258,0.0674503401505727
B,imagem,0.48264984227129337,0.7957166392092258,0.0660094450480137
B,imagem,0.48264984227129337,0.7990115321252059,0.0658559182891508
B,imagem,0.48501577287066244,0.7990115321252059,0.0648447481559776
B,imagem,0.48501577287066244,0.800658978583196,0.0644890215215583
B,imagem,0.4865930599369085,0.800658978583196,0.0637517910544381
B,imagem,0.4865930599369085,0.8039538714991763,0.0634405188034014
B,imagem,0.48738170347003157,0.8039538714991763,0.0632776184109626
B,imagem,0.48738170347003157,0.8056013179571664,0.0632309297215302
B,imagem,0.48974763406940064,0.8056013179571664,0.0625393284875253
B,imagem,0.48974763406940064,0.8072487644151565,0.0625150080563048
B,imagem,0.49369085173501576,0.8072487644151565,0.0610410774650923
B,imagem,0.49369085173501576,0.8105436573311368,0.0597408833607143
B,imagem,0.4952681388012618,0.8105436573311368,0.0593948863706876
B,imagem,0.4952681388012618,0.8121911037891268,0.0589748291068887
B,imagem,0.499211356466877,0.8121911037891268,0.057512070901276
B,imagem,0.499211356466877,0.8138385502471169,0.0574331600040136
B,imagem,0.501577287066246,0.8138385502471169,0.0567581180464085
B,imagem,0.501577287066246,0.8171334431630972,0.056271154082523
B,imagem,0.5039432176656151,0.8171334431630972,0.0544785259958961
B,imagem,0.5039432176656151,0.8187808896210873,0.0544243202230278
B,imagem,0.5063091482649842,0.8187808896210873,0.0541541133173638
B,imagem,0.5063091482649842,0.8220757825370676,0.053279201405335
B,imagem,0.5070977917981072,0.8220757825370676,0.0532540936097595
B,imagem,0.5070977917981072,0.8253706754530478,0.0524314669108351
B,imagem,0.5078864353312302,0.8253706754530478,0.0522842162678422
B,imagem,0.5078864353312302,0.8270181219110379,0.0516793549686484
B,imagem,0.5094637223974764,0.8270181219110379,0.051242332952873
B,imagem,0.5094637223974764,0.828665568369028,0.0509804081636426
B,imagem,0.5118296529968455,0.828665568369028,0.049969354148646
B,imagem,0.5118296529968455,0.8319604612850082,0.0490152047013696
B,imagem,0.5173501577287066,0.8319604612850082,0.0466689494248986
B,imagem,0.5173501577287066,0.8336079077429983,0.0466450103486058
B,imagem,0.5189274447949527,0.8336079077429983,0.045065904772886
B,imagem,0.5189274447949527,0.8352553542009885,0.0449969138773686
B,imagem,0.5283911671924291,0.8352553542009885,0.0400031593053659
B,imagem,0.5283911671924291,0.8369028006589786,0.0397723898071077
B,imagem,0.5291798107255521,0.8369028006589786,0.0394458134237215
B,imagem,0.5291798107255521,0.8385502471169687,0.0393914960866608
B,imagem,0.5339116719242902,0.8385502471169687,0.0374680967791918
B,imagem,0.5339116719242902,0.8401976935749588,0.0371351665027719
B,imagem,0.5410094637223974,0.8401976935749588,0.0352689126578272
B,imagem,0.5410094637223974,0.8434925864909391,0.0346748922691722
B,imagem,0.5465299684542587,0.8434925864909391,0.0340623135421862
B,imagem,0.5465299684542587,0.8451400329489291,0.0336962006968088
B,imagem,0.5599369085173501,0.8451400329489291,0.0294061320399391
B,imagem,0.5599369085173501,0.8467874794069192,0.0292911569803645
B,imagem,0.5607255520504731,0.8467874794069192,0.0291253658539509
B,imagem,0.5607255520504731,0.8484349258649094,0.0290697921778785
B,imagem,0.5630914826498423,0.8484349258649094,0.0289304870176001
B,imagem,0.5630914826498423,0.8500823723228995,0.0288375610755699
B,imagem,0.5646687697160884,0.8500823723228995,0.028600542608759
B,imagem,0.5646687697160884,0.8533772652388797,0.0285721967331149
B,imagem,0.5670347003154574,0.8533772652388797,0.0282419470342544
B,imagem,0.5670347003154574,0.85667215815486,0.0271427403911353
B,imagem,0.5686119873817035,0.85667215815486,0.0268064705564391
B,imagem,0.5686119873817035,0.8599670510708401,0.0267211662532141
B,imagem,0.5749211356466877,0.8599670510708401,0.0256123148799431
B,imagem,0.5749211356466877,0.8616144975288303,0.0248144310594628
B,imagem,0.5796529968454258,0.8616144975288303,0.0235419816296907
B,imagem,0.5796529968454258,0.8632619439868204,0.023494751207261
B,imagem,0.5859621451104101,0.8632619439868204,0.0220680141239109
B,imagem,0.5859621451104101,0.8649093904448105,0.0217962900048249
B,imagem,0.5875394321766562,0.8649093904448105,0.0212218513860503
B,imagem,0.5875394321766562,0.8665568369028006,0.0211565773809282
B,imagem,0.5883280757097792,0.8665568369028006,0.0211320519711188
B,imagem,0.5883280757097792,0.8698517298187809,0.0210995944357098
B,imagem,0.5914826498422713,0.8698517298187809,0.0202125840486897
B,imagem,0.5914826498422713,0.871499176276771,0.0201038902361388
B,imagem,0.5946372239747634,0.871499176276771,0.0195367114692924
B,imagem,0.5946372239747634,0.8731466227347611,0.0195330009674032
B,imagem,0.6009463722397477,0.8731466227347611,0.017915028189042
B,imagem,0.6009463722397477,0.8764415156507414,0.0176033106736322
B,imagem,0.6017350157728707,0.8764415156507414,0.0176025826978207
B,imagem,0.6017350157728707,0.8780889621087314,0.0176000003658196
B,imagem,0.6033123028391167,0.8780889621087314,0.017468911036849
B,imagem,0.6033123028391167,0.8813838550247117,0.0172227480297129
B,imagem,0.613564668769716,0.8813838550247117,0.0156168321065303
B,imagem,0.613564668769716,0.8830313014827018,0.0154636762140477
B,imagem,0.6151419558359621,0.8830313014827018,0.0153815879284309
B,imagem,0.6151419558359621,0.8846787479406919,0.0153085656645665
B,imagem,0.6182965299684543,0.8846787479406919,0.0149432947253097
B,imagem,0.6182965299684543,0.886326194398682,0.0148583721073647
B,imagem,0.6230283911671924,0.886326194398682,0.013883910608186
B,imagem,0.6230283911671924,0.8879736408566722,0.0138044781500548
B,imagem,0.6238170347003155,0.8879736408566722,0.0137443872024912
B,imagem,0.6238170347003155,0.8896210873146623,0.0134254740116892
B,imagem,0.6403785488958991,0.8896210873146623,0.0120069646084981
B,imagem,0.6403785488958991,0.8912685337726524,0.0119779452081454
B,imagem,0.6435331230283912,0.8912685337726524,0.0114535103648719
B,imagem,0.6435331230283912,0.8929159802306426,0.0111690638965137
B,imagem,0.6443217665615142,0.8929159802306426,0.011126249007687
B,imagem,0.6443217665615142,0.8945634266886326,0.0111190360136115
B,imagem,0.6529968454258676,0.8945634266886326,0.0097726754780102
B,imagem,0.6529968454258676,0.8962108731466227,0.0097059951309831
B,imagem,0.6537854889589906,0.8962108731466227,0.0096583960507223
B,imagem,0.6537854889589906,0.899505766062603,0.0096352292748929
B,imagem,0.666403785488959,0.899505766062603,0.0085947439060348
B,imagem,0.666403785488959,0.9011532125205931,0.0085876469954664
B,imagem,0.669558359621451,0.9011532125205931,0.0080235273048073
B,imagem,0.669558359621451,0.9028006589785832,0.0080048796870308
B,imagem,0.6735015772870663,0.9028006589785832,0.0074792854389563
B,imagem,0.6735015772870663,0.9044481054365733,0.0074455035827913
B,imagem,0.6742902208201893,0.9044481054365733,0.007266383048488
B,imagem,0.6742902208201893,0.9060955518945635,0.0072022189862763
B,imagem,0.6782334384858044,0.9060955518945635,0.0069230025744739
B,imagem,0.6782334384858044,0.9077429983525536,0.0067724343688421
B,imagem,0.6845425867507886,0.9077429983525536,0.0063105058433558
B,imagem,0.6845425867507886,0.9126853377265239,0.0059682806787327
B,imagem,0.6853312302839116,0.9126853377265239,0.0056984047400758
B,imagem,0.6853312302839116,0.914332784184514,0.0055027758842178
B,imagem,0.6876971608832808,0.914332784184514,0.0053646510935071
B,imagem,0.6876971608832808,0.9159802306425041,0.0053266863849754
B,imagem,0.693217665615142,0.9159802306425041,0.005086008011444
B,imagem,0.693217665615142,0.9176276771004942,0.0050824023345252
B,imagem,0.6979495268138801,0.9176276771004942,0.0048126603326839
B,imagem,0.6979495268138801,0.9192751235584844,0.0047990777225515
B,imagem,0.7003154574132492,0.9192751235584844,0.0045345509828359
B,imagem,0.7003154574132492,0.9209225700164745,0.004525709320326
B,imagem,0.7050473186119873,0.9209225700164745,0.0043178318348917
B,imagem,0.7050473186119873,0.9225700164744646,0.0042946578426087
B,imagem,0.7105678233438486,0.9225700164744646,0.0039356628345857
B,imagem,0.7105678233438486,0.9258649093904449,0.0038982383130502
B,imagem,0.7168769716088328,0.9258649093904449,0.0036319962941423
B,imagem,0.7168769716088328,0.9275123558484349,0.0035962293242645
B,imagem,0.7176656151419558,0.9275123558484349,0.0035635044022136
B,imagem,0.7176656151419558,0.929159802306425,0.0035480620325461
B,imagem,0.7271293375394322,0.929159802306425,0.0032221676455156
B,imagem,0.7271293375394322,0.9324546952224053,0.0031758379671484
B,imagem,0.7326498422712934,0.9324546952224053,0.003044290266415
B,imagem,0.7326498422712934,0.9341021416803954,0.0029681377548264
B,imagem,0.7334384858044164,0.9341021416803954,0.0029569087092428
B,imagem,0.7334384858044164,0.9357495881383855,0.0029126318879861
B,imagem,0.7373817034700315,0.9357495881383855,0.0028244093250597
B,imagem,0.7373817034700315,0.9373970345963756,0.002817183962487
B,imagem,0.7389589905362776,0.9373970345963756,0.0027904264980084
B,imagem,0.7389589905362776,0.9390444810543658,0.0026986112711017
B,imagem,0.7452681388012619,0.9390444810543658,0.0024560835209488
B,imagem,0.7452681388012619,0.9406919275123559,0.0024538138089207
B,imagem,0.7476340694006309,0.9406919275123559,0.0024052418922727
B,imagem,0.7476340694006309,0.942339373970346,0.0023047717650664
B,imagem,0.7523659305993691,0.942339373970346,0.0022311534663898
B,imagem,0.7523659305993691,0.943986820428336,0.0022302010590641
B,imagem,0.7586750788643533,0.943986820428336,0.002024017471092
B,imagem,0.7586750788643533,0.9456342668863262,0.0020153041689214
B,imagem,0.7649842271293376,0.9456342668863262,0.0019709267817133
B,imagem,0.7649842271293376,0.9472817133443163,0.0019538457342228
B,imagem,0.7681388012618297,0.9472817133443163,0.0019028119061547
B,imagem,0.7681388012618297,0.9489291598023064,0.0018944852675874
B,imagem,0.7697160883280757,0.9489291598023064,0.0018784657340605
B,imagem,0.7697160883280757,0.9505766062602965,0.0018748857269526
B,imagem,0.7705047318611987,0.9505766062602965,0.0018480322917588
B,imagem,0.7705047318611987,0.9522240527182867,0.0018402251532845
B,imagem,0.7728706624605678,0.9522240527182867,0.0017918387874172
B,imagem,0.7728706624605678,0.9538714991762768,0.0017468584028899
B,imagem,0.7752365930599369,0.9538714991762768,0.0017264072258655
B,imagem,0.7752365930599369,0.9555189456342669,0.0017129650940128
B,imagem,0.777602523659306,0.9555189456342669,0.0016692743882452
B,imagem,0.777602523659306,0.957166392092257,0.0016628334488038
B,imagem,0.7799684542586751,0.957166392092257,0.0016463066042433
B,imagem,0.7799684542586751,0.9588138385502472,0.0016411469546877
B,imagem,0.7815457413249212,0.9588138385502472,0.0016022986640772
B,imagem,0.7815457413249212,0.9604612850082372,0.0015395368514272
B,imagem,0.7823343848580442,0.9604612850082372,0.0015300028556683
B,imagem,0.7823343848580442,0.9621087314662273,0.001491540668097
B,imagem,0.7831230283911672,0.9621087314662273,0.0014825413516386
B,imagem,0.7831230283911672,0.9637561779242174,0.0014644346853927
B,imagem,0.7862776025236593,0.9637561779242174,0.0013850910533906
B,imagem,0.7862776025236593,0.9654036243822076,0.0013559505861945
B,imagem,0.7965299684542587,0.9654036243822076,0.0011588247753454
B,imagem,0.7965299684542587,0.9670510708401977,0.0011543541549316
B,imagem,0.7996845425867508,0.9670510708401977,0.0010473467322417
B,imagem,0.7996845425867508,0.9686985172981878,0.0010258333726091
B,imagem,0.8020504731861199,0.9686985172981878,0.0009849109837174
B,imagem,0.8020504731861199,0.9703459637561779,0.0009748868591195
B,imagem,0.8028391167192429,0.9703459637561779,0.0009700872280353
B,imagem,0.8028391167192429,0.9719934102141681,0.0009446800356156
B,imagem,0.8036277602523659,0.9719934102141681,0.0009131880084785
B,imagem,0.8036277602523659,0.9752883031301482,0.0008949345357655
B,imagem,0.8146687697160884,0.9752883031301482,0.0006939343169721
B,imagem,0.8146687697160884,0.9769357495881383,0.0006909899332378
B,imagem,0.8249211356466877,0.9769357495881383,0.0005316020622778
B,imagem,0.8249211356466877,0.9785831960461285,0.0005292898154375
B,imagem,0.8280757097791798,0.9785831960461285,0.0005092450011182
B,imagem,0.8280757097791798,0.9802306425041186,0.0004927360459129
B,imagem,0.833596214511041,0.9802306425041186,0.0004399960749896
B,imagem,0.833596214511041,0.9818780889621087,0.0004352602088532
B,imagem,0.8406940063091483,0.9818780889621087,0.0003859116839592
B,imagem,0.8406940063091483,0.9835255354200988,0.0003812225810232
B,imagem,0.86198738170347,0.9835255354200988,0.0002488176906035
B,imagem,0.86198738170347,0.985172981878089,0.0002454008091207
B,imagem,0.8746056782334385,0.985172981878089,0.0001673570509886
B,imagem,0.8746056782334385,0.9868204283360791,0.0001651595429197
B,imagem,0.888801261829653,0.9868204283360791,0.0001208692617692
B,imagem,0.888801261829653,0.9884678747940692,0.0001194819371556
B,imagem,0.8903785488958991,0.9884678747940692,0.0001115107449926
B,imagem,0.8903785488958991,0.9901153212520593,0.0001062088594556
B,imagem,0.8982649842271293,0.9901153212520593,7.71468290933942e-05
B,imagem,0.8982649842271293,0.9917627677100495,7.581675967722104e-05
B,imagem,0.9061514195583596,0.9917627677100495,6.52008595173988e-05
B,imagem,0.9061514195583596,0.9934102141680395,6.482994672774886e-05
B,imagem,0.9250788643533123,0.9934102141680395,4.184616144720018e-05
B,imagem,0.9250788643533123,0.9950576606260296,4.1300844820818765e-05
B,imagem,0.9353312302839116,0.9950576606260296,2.472575459072373e-05
B,imagem,0.9353312302839116,0.9967051070840197,2.434934373835168e-05
B,imagem,0.9550473186119873,0.9967051070840197,6.360377979965944e-06
B,imagem,0.9550473186119873,0.9983525535420099,5.188017056108808e-06
B,imagem,0.9700315457413249,0.9983525535420099,1.6370524873180732e-06
B,imagem,0.9700315457413249,1.0,1.4629905380417155e-06
B,imagem,1.0,1.0,7.520316138157586e-13
